dog,sv,v
dog,sv,n
gratis,sv,adv
gratis,sv,adj
hyponym,sv,n
abort,sv,n
on,sv,n
nu,sv,adv
the,sv,n
absolutism,sv,n
absolutist,sv,n
de,sv,p
de,sv,n
en,sv,p
en,sv,p
en,sv,a
en,sv,n
het,sv,adj
het,sv,n
van,sv,adj
te,sv,n
in,sv,adv
orange,sv,adj
orange,sv,n
planet,sv,n
planet,sv,n
sky,sv,n
sky,sv,n
sky,sv,v
letter,sv,n
yttrandefrihet,sv,n
bit,sv,n
bit,sv,n
bit,sv,v
man,sv,n
man,sv,p
man,sv,n
man,sv,n
be,sv,v
is,sv,n
fart,sv,n
mandat,sv,n
mandat,sv,inf
port,sv,n
hund,sv,n
os,sv,n
onsdag,sv,n
vecka,sv,n
vecka,sv,v
dygn,sv,n
dygn,sv,inf
bot,sv,n
bot,sv,n
bot,sv,adj
bot,sv,adv
bot,sv,n
adverb,sv,n
stock,sv,n
and,sv,n
euro,sv,n
bank,sv,n
bank,sv,n
husband,sv,n
last,sv,n
radio,sv,n
gas,sv,n
gas,sv,n
mars,sv,n
mars,sv,n
translation,sv,n
vi,sv,p
absurd,sv,adj
acceleration,sv,n
bio,sv,n
storm,sv,n
storm,sv,inf
ask,sv,n
drink,sv,n
yeti,sv,n
maskin,sv,n
tiger,sv,n
tiger,sv,v
protester,sv,n
eleven,sv,n
England,sv,n
fy,sv,intj
pink,sv,n
red,sv,v
dollar,sv,n
pip,sv,n
pip,sv,v
person,sv,n
latin,sv,n
or,sv,n
polygon,sv,n
symbol,sv,n
sol,sv,n
ass,sv,n
tick,sv,n
hand,sv,n
prick,sv,n
el,sv,n
for,sv,v
fall,sv,n
zebra,sv,n
lama,sv,adj
lama,sv,n
koala,sv,n
wiki,sv,n
wiki,sv,inf
my,sv,n
my,sv,p
all,sv,p
argument,sv,n
arm,sv,n
arm,sv,adj
art,sv,n
as,sv,n
as,sv,n
as,sv,n
Korea,sv,n
son,sv,n
niece,sv,n
hot,sv,n
not,sv,n
finger,sv,n
finger,sv,n
men,sv,conj
men,sv,n
experiment,sv,n
cyan,sv,adj
cyan,sv,n
homonym,sv,n
alligator,sv,n
hobby,sv,n
sill,sv,n
civil,sv,adj
diesel,sv,n
grape,sv,n
om,sv,conj
egg,sv,n
hamster,sv,n
al,sv,n
del,sv,n
del,sv,n
adel,sv,n
adel,sv,n
god,sv,adj
bad,sv,n
bad,sv,v
bad,sv,n
kind,sv,n
tamp,sv,n
ädel,sv,adj
ädel,sv,n
bed,sv,v
bed,sv,n
so,sv,n
so,sv,inf
talk,sv,n
ben,sv,n
benen,sv,n
OK,sv,adv
OK,sv,adj
OK,sv,intj
positron,sv,n
from,sv,adj
slang,sv,n
leg,sv,n
leg,sv,n
pizza,sv,n
slug,sv,adj
lampa,sv,n
haj,sv,n
sy,sv,v
sy,sv,n
musik,sv,n
dua,sv,v
tak,sv,n
tiga,sv,v
gravitation,sv,n
palm,sv,n
lam,sv,adj
lam,sv,n
larva,sv,v
ber,sv,v
darmstadtium,sv,n
human,sv,adj
er,sv,p
bet,sv,v
bet,sv,n
bet,sv,n
bred,sv,v
bred,sv,adj
dig,sv,p
fallen,sv,n
fallen,sv,v
blond,sv,adj
blond,sv,inf
blonde,sv,adj
fly,sv,v
dart,sv,n
get,sv,n
given,sv,adj
given,sv,n
given,sv,v
grind,sv,n
hit,sv,n
hit,sv,adv
led,sv,adj
led,sv,n
led,sv,n
led,sv,v
lie,sv,n
lit,sv,n
lit,sv,n
make,sv,n
back,sv,n
finn,sv,v
mal,sv,n
mal,sv,v
hår,sv,n
pommes frites,sv,n
ideal,sv,n
bra,sv,adj
bra,sv,adv
attack,sv,n
sin,sv,n
sin,sv,p
bag,sv,n
bag,sv,n
basket,sv,n
butter,sv,adj
bridge,sv,n
cell,sv,n
redo,sv,adj
ring,sv,n
ring,sv,v
sent,sv,adj
set,sv,n
split,sv,n
sprang,sv,v
stolen,sv,n
stick,sv,n
stick,sv,v
stink,sv,v
stank,sv,n
taken,sv,n
torn,sv,n
era,sv,n
era,sv,p
charm,sv,n
bi,sv,n
bi,sv,adj
bi,sv,adv
bi,sv,n
sot,sv,n
sot,sv,n
bitter,sv,adj
by,sv,n
cement,sv,n
ball,sv,adj
ball,sv,n
cover,sv,n
velat,sv,v
velat,sv,n
ven,sv,n
ven,sv,conj
jon,sv,n
jon,sv,inf
jon,sv,n
flat,sv,adj
penis,sv,n
hare,sv,n
modem,sv,n
ram,sv,n
krok,sv,n
krok,sv,n
kritik,sv,n
kritik,sv,adj
biet,sv,n
biet,sv,n
bil,sv,n
nit,sv,n
nit,sv,n
rim,sv,n
rim,sv,n
Rom,sv,n
du,sv,p
tall,sv,n
house,sv,n
salt,sv,adj
salt,sv,n
far,sv,n
far,sv,v
river,sv,v
suck,sv,n
stab,sv,n
sand,sv,n
fog,sv,n
fog,sv,n
full,sv,adj
meter,sv,n
klot,sv,n
klot,sv,n
klok,sv,adj
klok,sv,n
klimat,sv,n
klimat,sv,n
sal,sv,n
sal,sv,n
fil,sv,n
fil,sv,n
fil,sv,n
mana,sv,v
himmel,sv,n
analog,sv,adj
bo,sv,v
bo,sv,n
-bo,sv,s
o-,sv,p
svenska,sv,adj
svenska,sv,n
kudde,sv,n
stop,sv,n
cylinder,sv,n
gram,sv,n
pass,sv,n
pass,sv,n
ewe,sv,n
ebb,sv,n
party,sv,n
plank,sv,n
gem,sv,n
gem,sv,inf
civilisation,sv,n
band,sv,n
pub,sv,n
mark,sv,n
start,sv,n
asteroid,sv,n
älv,sv,n
hem,sv,n
hem,sv,adv
fri,sv,adj
bly,sv,n
blyfri,sv,adj
mask,sv,n
mask,sv,n
namn,sv,n
drag,sv,n
han,sv,p
han,sv,n
handling,sv,n
handling,sv,inf
lies,sv,n
brat,sv,n
afrikaner,sv,n
fast,sv,adj
fast,sv,conj
damp,sv,v
flock,sv,n
ha,sv,v
ha,sv,intj
blod,sv,n
blod,sv,n
tack,sv,intj
tisdag,sv,n
torsdag,sv,n
fredag,sv,n
lördag,sv,n
söndag,sv,n
jag,sv,p
ni,sv,p
tre,sv,num
rot,sv,n
division,sv,n
ta,sv,v
duo,sv,n
mot,sv,n
beta,sv,n
beta,sv,n
beta,sv,v
gamma,sv,n
annex,sv,n
delta,sv,n
delta,sv,v
mer,sv,adj
kilometer,sv,n
nick,sv,n
nick,sv,n
genus,sv,n
asterisk,sv,n
kappa,sv,n
kappa,sv,n
café,sv,n
kaffe,sv,n
mu,sv,n
gift,sv,n
gift,sv,adj
centimeter,sv,n
decimeter,sv,n
millimeter,sv,n
kilo,sv,n
dag,sv,n
dam,sv,n
dal,sv,n
atom,sv,n
area,sv,n
beryllium,sv,n
aluminium,sv,n
xenon,sv,n
cerium,sv,n
dysprosium,sv,n
fe,sv,n
curium,sv,n
californium,sv,n
dubnium,sv,n
cesium,sv,n
bus,sv,n
bus,sv,n
sex,sv,n
mobil,sv,adj
mobil,sv,n
na,sv,p
na,sv,conj
ar,sv,n
ge,sv,v
se,sv,v
se,sv,n
samuraj,sv,n
krona,sv,n
krona,sv,inf
croissant,sv,n
tar,sv,v
la,sv,v
la,sv,n
dy,sv,n
ho,sv,n
ho,sv,p
centigram,sv,n
dator,sv,n
mus,sv,n
mus,sv,n
mjölk,sv,n
buss,sv,n
eponym,sv,n
spade,sv,n
real,sv,n
intelligent,sv,adj
lever,sv,n
lever,sv,v
problem,sv,n
must,sv,n
rock,sv,n
kiss,sv,n
minimum,sv,n
kaj,sv,n
navel,sv,n
mast,sv,n
vegan,sv,n
vegetarian,sv,n
trumpeter,sv,n
visa,sv,adj
visa,sv,n
visa,sv,v
center,sv,n
amalgam,sv,n
tangent,sv,n
torus,sv,n
testa,sv,v
bar,sv,adj
bar,sv,v
bar,sv,n
pyramid,sv,n
risk,sv,n
lagen,sv,n
feta,sv,n
feta,sv,adj
vid,sv,adj
lemur,sv,n
bär,sv,n
bär,sv,v
fan,sv,n
fan,sv,intj
fan,sv,n
glass,sv,n
engelsk,sv,adj
enkel,sv,adj
candela,sv,n
farad,sv,n
lumen,sv,n
hertz,sv,n
radian,sv,n
lux,sv,n
pascal,sv,n
siemens,sv,n
tesla,sv,n
volt,sv,n
watt,sv,n
weber,sv,n
femto-,sv,p
synonymordbok,sv,n
tok,sv,n
tok,sv,inf
tok,sv,n
tok,sv,v
Bask,sv,n
banjo,sv,n
gym,sv,n
check,sv,n
gymnasium,sv,n
bergen,sv,n
spades,sv,n
los,sv,n
varna,sv,v
barnet,sv,n
ser,sv,v
permutation,sv,n
lock,sv,n
ax,sv,n
panda,sv,n
land,sv,n
cent,sv,n
horn,sv,n
flamingo,sv,n
hyena,sv,n
leopard,sv,n
sort,sv,n
plan,sv,adj
plan,sv,n
plan,sv,n
miner,sv,n
dubiös,sv,adj
front,sv,n
process,sv,n
offer,sv,n
form,sv,n
dis,sv,n
lite,sv,adj
lite,sv,adv
hymn,sv,n
glad,sv,adj
dans,sv,n
roman,sv,n
tsar,sv,n
zenit,sv,n
baden,sv,n
est,sv,n
ex,sv,n
evergreen,sv,n
kissa,sv,v
kitsch,sv,n
log,sv,n
lounge,sv,n
drake,sv,n
knulla,sv,v
ros,sv,n
ros,sv,v
rosa,sv,n
rosa,sv,v
nix,sv,adv
gast,sv,n
skunk,sv,n
ska,sv,n
ska,sv,v
blad,sv,n
blad,sv,n
truck,sv,n
curry,sv,n
cembalo,sv,n
ed,sv,n
ed,sv,n
system,sv,n
luft,sv,n
datum,sv,n
series,sv,n
vita,sv,adj
juni,sv,n
juli,sv,n
homo,sv,n
Venus,sv,n
veto,sv,n
cafeteria,sv,n
berg,sv,n
just,sv,adv
dem,sv,p
bare,sv,adj
ton,sv,n
neger,sv,n
nord,sv,n
rad,sv,n
semester,sv,n
idiot,sv,n
ja,sv,adv
ny,sv,adj
ty,sv,conj
ty,sv,p
vy,sv,n
same,sv,n
sedan,sv,adv
sedan,sv,conj
sedan,sv,n
best,sv,n
arme,sv,adj
arma,sv,adj
dragon,sv,n
hop,sv,n
tom,sv,adj
mode,sv,n
norsk,sv,adj
norsk,sv,n
cancer,sv,n
bark,sv,n
nos,sv,n
ticket,sv,n
token,sv,n
diagonal,sv,adj
diagonal,sv,n
ler,sv,v
frost,sv,n
cricket,sv,n
ren,sv,n
ren,sv,adj
bon,sv,n
bon,sv,n
bom,sv,n
bok,sv,n
bok,sv,n
kon,sv,n
kon,sv,inf
fik,sv,n
den,sv,p
den,sv,p
den,sv,a
bos,sv,n
bos,sv,v
sik,sv,n
rik,sv,adj
lik,sv,adj
lik,sv,n
historia,sv,n
dom,sv,n
dom,sv,n
som,sv,conj
som,sv,p
rent,sv,adj
rent,sv,adv
datorer,sv,n
datorn,sv,n
datorerna,sv,n
stol,sv,n
stolar,sv,n
stolarna,sv,n
hus,sv,n
hus,sv,n
huset,sv,n
husen,sv,n
barnen,sv,n
barn,sv,n
barn,sv,n
gris,sv,n
päron,sv,n
päronet,sv,n
päronen,sv,n
grisar,sv,n
grisar,sv,v
grisen,sv,n
grisarna,sv,n
hangar,sv,n
grunt,sv,adj
grunt,sv,adv
sabotage,sv,n
vandalism,sv,n
cykel,sv,n
sockervadd,sv,n
socker,sv,n
agenda,sv,n
sons,sv,n
kam,sv,n
snack,sv,n
apa,sv,n
vela,sv,v
hertig,sv,n
film,sv,n
ryska,sv,n
ryss,sv,n
rysk,sv,adj
nya,sv,adj
nytt,sv,adj
nytt,sv,adv
dan,sv,n
makan,sv,n
anger,sv,v
dagjämning,sv,n
bord,sv,n
animation,sv,n
ante,sv,v
cymbal,sv,n
tri-,sv,p
hunds,sv,n
anda,sv,n
sa,sv,v
andar,sv,n
propeller,sv,n
under,sv,n
under,sv,inf
hajar,sv,n
hajar,sv,v
hajen,sv,n
hajarna,sv,n
eggar,sv,n
eggar,sv,v
eggen,sv,n
eggarna,sv,n
egga,sv,v
eggande,sv,v
eggat,sv,v
eggade,sv,v
lok,sv,n
nagel,sv,n
hat,sv,n
öl,sv,n
pest,sv,n
dos,sv,n
coda,sv,n
stare,sv,n
panna,sv,n
dass,sv,n
sova,sv,v
olla,sv,v
coach,sv,n
Uranus,sv,n
Pluto,sv,n
cowboy,sv,n
oxen,sv,n
natur,sv,n
vasen,sv,n
maj,sv,n
program,sv,n
syllogism,sv,n
slav,sv,n
slav,sv,n
vitlök,sv,n
vitlökar,sv,n
vitlöken,sv,n
vitlökarna,sv,n
lök,sv,n
lökar,sv,n
löken,sv,n
lökarna,sv,n
passare,sv,n
bild,sv,n
protein,sv,n
crescendo,sv,n
ek,sv,n
ek,sv,n
ufo,sv,n
kurva,sv,n
ö,sv,n
ögonblick,sv,n
öva,sv,v
öra,sv,n
över,sv,adj
över,sv,adv
översättning,sv,n
öga,sv,n
fred,sv,n
lo,sv,n
smart,sv,adj
pax,sv,intj
dagar,sv,n
filter,sv,n
fin,sv,adj
nolla,sv,n
like,sv,n
idag,sv,adv
sköldpadda,sv,n
palindrom,sv,n
cab,sv,n
agitator,sv,n
vale,sv,n
gata,sv,n
gata,sv,n
med,sv,adv
med,sv,n
albino,sv,adj
albino,sv,n
-or,sv,s
student,sv,n
ut,sv,adv
ut,sv,intj
lista,sv,n
lista,sv,v
hast,sv,n
dike,sv,n
förvånad,sv,adj
narkoman,sv,n
småningom,sv,adv
blått öga,sv,n
gul och blå,sv,adj
spännande,sv,adj
hjälplös,sv,adj
alla hjärtans dag,sv,n
förtjusande,sv,adj
duktig,sv,adj
skamlig,sv,adj
utanför,sv,adj
farligt,sv,adj
farligt,sv,adv
svartsjuk,sv,adj
sabel,sv,n
stan,sv,n
sorg,sv,n
ballare,sv,adj
por,sv,n
por,sv,n
donation,sv,n
protest,sv,n
50-öring,sv,n
stinka,sv,v
nej,sv,adv
ord,sv,n
goddag,sv,intj
din,sv,p
öring,sv,n
virus,sv,n
ess,sv,n
gator,sv,n
essä,sv,n
grupp,sv,n
brand,sv,n
pyjamas,sv,n
päronträd,sv,n
män,sv,n
fot,sv,n
fot,sv,n
fot,sv,n
dunkare,sv,n
kvicken,sv,n
klonken,sv,n
eten,sv,n
mugglare,sv,n
det,sv,p
det,sv,p
det,sv,a
position,sv,n
byte,sv,n
fine,sv,adj
pardon,sv,n
evolution,sv,n
transformation,sv,n
locks,sv,n
droga,sv,v
ko,sv,n
ko,sv,n
bu,sv,intj
le,sv,v
block,sv,n
regn,sv,n
telefon,sv,n
cabriolet,sv,n
kula,sv,n
vite,sv,adj
present,sv,n
brett,sv,adj
hora,sv,n
hora,sv,v
olympiad,sv,n
olympiad,sv,inf
catgut,sv,n
page,sv,n
par,sv,n
park,sv,n
taxi,sv,n
mes,sv,n
clown,sv,n
axiom,sv,n
meny,sv,n
golf,sv,n
va,sv,intj
val,sv,n
val,sv,inf
val,sv,n
val,sv,inf
sebra,sv,n
insekt,sv,n
känguru,sv,n
kamera,sv,n
vara,sv,v
vara,sv,v
vara,sv,v
vara,sv,n
ett,sv,a
fem,sv,n
åtta,sv,n
nia,sv,n
nia,sv,v
-a,sv,s
tia,sv,n
kronor,sv,n
skala,sv,n
skala,sv,v
fur,sv,n
kobra,sv,n
logik,sv,n
politik,sv,n
mat,sv,n
saga,sv,n
saga,sv,inf
determinant,sv,n
rest,sv,n
rest,sv,v
visum,sv,n
asymptot,sv,n
Marxism,sv,n
ungersk,sv,adj
triste,sv,adj
ungerska,sv,adj
ungerska,sv,n
ungerske,sv,adj
ungerskt,sv,adj
ungrare,sv,n
trist,sv,adj
hög,sv,adj
hög,sv,n
haja,sv,v
naturligtvis,sv,adv
bro,sv,n
diameter,sv,n
mink,sv,n
rare,sv,adj
elev,sv,n
cappuccino,sv,n
slut,sv,n
chinchilla,sv,n
kraken,sv,n
puck,sv,n
ange,sv,v
professionalism,sv,n
golvur,sv,n
faster,sv,n
moster,sv,n
farbror,sv,n
morbror,sv,n
huvudsida,sv,n
modern,sv,adj
modern,sv,n
integral,sv,n
grus,sv,n
grip,sv,n
grip,sv,v
höstdagjämning,sv,n
vårdagjämning,sv,n
banka,sv,v
litium,sv,n
januari,sv,n
februari,sv,n
augusti,sv,n
oktober,sv,n
månad,sv,n
månader,sv,n
månaden,sv,n
månaderna,sv,n
är,sv,v
citron,sv,n
ok,sv,n
ok,sv,inf
store,sv,adj
tag,sv,v
tag,sv,n
tag,sv,n
märg,sv,n
prosit,sv,intj
prost,sv,n
velar,sv,adj
velar,sv,v
blast,sv,n
bin,sv,n
novell,sv,n
mild,sv,adj
absolut,sv,adj
absolut,sv,adv
abstrakt,sv,adj
administrativ,sv,adj
terrorist,sv,n
bud,sv,n
jonil,sv,n
roll,sv,n
-n,sv,s
lada,sv,n
matar,sv,v
-s,sv,s
strand,sv,n
strand,sv,inf
diktator,sv,n
-na,sv,s
eke,sv,n
haver,sv,v
vet,sv,v
rap,sv,n
chauvinism,sv,n
tala,sv,v
relation,sv,n
mist,sv,n
res,sv,v
svärd,sv,n
torsk,sv,n
bakat,sv,v
fetter,sv,n
spark,sv,n
dingo,sv,n
superlativ,sv,n
söder,sv,n
söder,sv,adv
mycket,sv,adv
mest,sv,adv
A-dur,sv,n
B-dur,sv,n
arbeta,sv,v
arbetare,sv,n
arbete,sv,n
arbetsgivare,sv,n
magnet,sv,n
magnetism,sv,n
läsa,sv,v
cannabis,sv,n
många,sv,adj
många,sv,inf
å,sv,n
ark,sv,n
ark,sv,n
-en,sv,s
ingenjör,sv,n
pastor,sv,n
pastor,sv,n
tavla,sv,n
lag,sv,n
lag,sv,n
lag,sv,n
spy,sv,v
vad,sv,p
vad,sv,n
vad,sv,n
export,sv,n
sure,sv,adj
hall,sv,n
disk,sv,n
räv,sv,n
akustik,sv,adj
akustik,sv,n
existentialism,sv,n
baryon,sv,n
ledarskap,sv,n
bira,sv,n
anagram,sv,n
ur,sv,n
snömos,sv,n
bor,sv,n
bor,sv,v
konstantinopolitanska,sv,adj
konstantinopolitanska,sv,n
hals,sv,n
cocktail,sv,n
sax,sv,n
blind,sv,adj
jo,sv,adv
sov,sv,v
lav,sv,n
brorson,sv,n
systerson,sv,n
damask,sv,n
konstantinopolitanskan,sv,n
konstantinopolitanskor,sv,n
konstantinopolitanskorna,sv,n
konstantinopolitanskas,sv,n
konstantinopolitanskans,sv,n
konstantinopolitanskors,sv,n
konstantinopolitanskornas,sv,n
mors,sv,n
mors,sv,intj
pila,sv,v
mål,sv,n
alfabet,sv,n
surat,sv,v
pilar,sv,n
pilar,sv,v
lave,sv,n
alp,sv,n
ana,sv,v
aorta,sv,n
aspen,sv,n
cerise,sv,n
cerise,sv,adj
chock,sv,n
cox,sv,n
cox,sv,n
dun,sv,n
fete,sv,adj
fjord,sv,n
gala,sv,n
gala,sv,v
gam,sv,n
kola,sv,n
kola,sv,v
mig,sv,p
milt,sv,adj
milt,sv,adv
mod,sv,n
moll,sv,n
pall,sv,n
penna,sv,n
pep,sv,v
pion,sv,n
pol,sv,n
poler,sv,n
precis,sv,adj
precis,sv,adv
rep,sv,n
revet,sv,n
saker,sv,n
sen,sv,adj
sloven,sv,n
spader,sv,n
tensor,sv,n
thymus,sv,n
tog,sv,v
torr,sv,adj
torr,sv,n
verser,sv,n
vis,sv,adj
vis,sv,n
altruism,sv,n
banker,sv,n
chef,sv,n
dill,sv,n
drift,sv,n
emigration,sv,n
fader,sv,n
fest,sv,n
frisk,sv,adj
hinder,sv,n
immigration,sv,n
integration,sv,n
grep,sv,n
grep,sv,v
lame,sv,adj
mall,sv,n
mall,sv,inf
mutter,sv,n
mutter,sv,n
scout,sv,n
sett,sv,v
slag,sv,n
sly,sv,n
stark,sv,adj
troll,sv,n
manet,sv,n
magnetit,sv,n
poem,sv,n
poet,sv,n
centime,sv,n
tut,sv,n
brorsdotter,sv,n
systerdotter,sv,n
-t,sv,s
veganism,sv,n
språket,sv,n
språkets,sv,n
språkens,sv,n
språks,sv,n
språken,sv,n
språk,sv,n
elever,sv,n
eleverna,sv,n
röd,sv,adj
adjektiv,sv,n
pil,sv,n
pilen,sv,n
pilarna,sv,n
agnosticism,sv,n
hjälte,sv,n
eon,sv,n
mineral,sv,n
relevant,sv,adj
irrelevant,sv,adj
irrelevant,sv,adv
Jiddisch,sv,n
gladiator,sv,n
fick,sv,v
blues,sv,n
diagram,sv,n
sade,sv,v
borra,sv,v
ordbok,sv,n
gav,sv,v
sto,sv,n
sto,sv,num
spelen,sv,n
spik,sv,n
anonym,sv,adj
mage,sv,n
text,sv,n
negative,sv,adj
boson,sv,n
svin,sv,n
straffen,sv,n
chassidism,sv,n
telefonnummer,sv,n
alla,sv,p
fel,sv,n
igen,sv,adv
kvinna,sv,n
harakiri,sv,n
cession,sv,n
humane,sv,adj
dialog,sv,n
maka,sv,n
maka,sv,v
makar,sv,n
makar,sv,v
gorilla,sv,n
monism,sv,n
japansk,sv,adj
femma,sv,n
hornet,sv,n
mitten,sv,n
norm,sv,n
flodvåg,sv,n
våg,sv,n
våg,sv,n
plaster,sv,n
medan,sv,conj
tecken,sv,n
rum,sv,n
motor,sv,n
heroin,sv,n
boll,sv,n
foster,sv,n
slog,sv,v
icing,sv,n
post,sv,n
attest,sv,n
ester,sv,n
zappa,sv,v
konjunktiv,sv,n
depression,sv,n
altruist,sv,n
korv,sv,n
stad,sv,n
burka,sv,n
basta,sv,v
basta,sv,intj
pytonorm,sv,n
alle,sv,p
engelska,sv,adj
engelska,sv,n
engelske,sv,adj
engelskt,sv,adj
engelskt,sv,adv
svastika,sv,n
deg,sv,n
mil,sv,n
glo,sv,v
hal,sv,adj
miss,sv,n
villa,sv,n
villa,sv,v
mister,sv,v
ananas,sv,n
ananas,sv,n
fitta,sv,n
slovenska,sv,adj
slovenska,sv,n
slovenska,sv,inf
makes,sv,n
mitt,sv,n
mitt,sv,p
utter,sv,n
kunna,sv,v
mamma,sv,n
stall,sv,n
illa,sv,adv
hunger,sv,n
hiss,sv,n
brun,sv,adj
brun,sv,n
blå,sv,adj
turkos,sv,adj
turkos,sv,n
grön,sv,adj
grön,sv,n
olivträd,sv,n
oliv,sv,n
olivträ,sv,n
olivfärgad,sv,adj
gul,sv,adj
gul,sv,n
gula,sv,adj
gula,sv,n
vinröd,sv,adj
tionde,sv,n
andra,sv,p
fond,sv,n
jul,sv,n
jul,sv,n
blank,sv,adj
uniform,sv,n
stupa,sv,n
stupa,sv,v
summa,sv,n
pojke,sv,n
mens,sv,n
vin,sv,n
crawl,sv,n
banda,sv,v
barra,sv,v
stollen,sv,n
folk,sv,n
folk,sv,n
exponent,sv,n
bov,sv,n
gran,sv,n
navigation,sv,n
museum,sv,n
assist,sv,n
stinker,sv,v
ute,sv,adv
ute,sv,adj
bris,sv,n
barometer,sv,n
calypso,sv,n
realism,sv,n
kuk,sv,n
czardas,sv,n
veranda,sv,n
glögg,sv,n
moped,sv,n
ombudsman,sv,n
caddie,sv,n
collie,sv,n
-e,sv,s
-is,sv,s
bero,sv,v
japanska,sv,adj
japanska,sv,n
smörgåsbord,sv,n
tung,sv,adj
sten,sv,n
borg,sv,n
borg,sv,n
blanka,sv,adj
blanka,sv,v
blonda,sv,adj
bona,sv,n
bona,sv,v
bona,sv,conj
neutrum,sv,n
stor,sv,adj
stort,sv,adv
stort,sv,adj
noggrannhet,sv,n
kedjekurva,sv,n
aldrig,sv,adv
alltid,sv,adv
sur,sv,adj
bättre,sv,adj
bättre,sv,adv
bäst,sv,adj
bäst,sv,adv
och,sv,conj
tagit,sv,v
bruna,sv,adj
minus,sv,v
minus,sv,n
Saturnus,sv,n
atoll,sv,n
polare,sv,n
säker,sv,adj
gentil,sv,adj
dansen,sv,n
didgeridoo,sv,n
redd,sv,v
plast,sv,n
plast,sv,inf
niob,sv,n
voltmeter,sv,n
ville,sv,v
forma,sv,v
balla,sv,adj
gross,sv,n
pluralis,sv,n
mulan,sv,n
spindel,sv,n
bevara,sv,v
hej,sv,intj
pris,sv,n
albanska,sv,n
albanska,sv,adj
min,sv,p
min,sv,n
prat,sv,n
brandlarm,sv,n
deciliter,sv,n
europé,sv,n
katalanska,sv,n
feber,sv,n
portugisiska,sv,n
indonesiska,sv,n
temperatur,sv,n
tyska,sv,adj
tyska,sv,n
portugis,sv,n
portugisisk,sv,adj
mina,sv,p
mina,sv,n
Slovakien,sv,n
frös,sv,v
brandman,sv,n
ansiktslyft,sv,n
kliché,sv,n
dystopi,sv,n
falsifiera,sv,v
sken,sv,n
sken,sv,v
lyste,sv,v
skinit,sv,v
lyst,sv,v
frysa,sv,v
frysa,sv,v
brandbil,sv,n
lysa,sv,v
dröm,sv,n
drömma,sv,v
bötfälla,sv,v
böta,sv,v
kall,sv,adj
dyka,sv,v
-are,sv,s
svan,sv,n
svans,sv,n
svans,sv,n
draksegel,sv,n
klädesplagg,sv,n
atommassa,sv,n
älg,sv,n
jordnöt,sv,n
skalärprodukt,sv,n
fjortis,sv,n
gal,sv,v
knaggla,sv,v
knagglig,sv,adj
knaggligt,sv,adj
knaggligt,sv,adv
år,sv,n
rev,sv,n
rev,sv,v
åttiondel,sv,n
artondel,sv,n
sjua,sv,n
sjundedel,sv,n
sexa,sv,n
sjuttionde,sv,n
sjuttiondel,sv,n
tjuga,sv,n
tjugondel,sv,n
nittondel,sv,n
trettionde,sv,n
slå en sjua,sv,v
trettiondel,sv,num
sjuttondel,sv,n
femtedel,sv,n
cypress,sv,n
stig,sv,n
stig,sv,v
sig,sv,p
sig,sv,n
tumregel,sv,n
revolver,sv,n
lysin,sv,n
kiosk,sv,n
gol,sv,v
axel,sv,n
reden,sv,n
båt,sv,n
ond,sv,adj
-het,sv,s
hallå,sv,intj
god dag,sv,intj
men hallå,sv,intj
god morgon,sv,intj
god middag,sv,intj
god kväll,sv,intj
god afton,sv,intj
god natt,sv,intj
natt,sv,n
milis,sv,n
miljardär,sv,n
förkläde,sv,n
-ast,sv,s
äpple,sv,n
konstig,sv,adj
mikra,sv,v
haka,sv,n
sfär,sv,n
basa,sv,v
fora,sv,n
manifestation,sv,n
pung,sv,n
morgon,sv,n
oro,sv,n
ses,sv,v
klara,sv,adj
klara,sv,v
dop,sv,n
aj,sv,intj
aktiva,sv,adj
aktiv,sv,adj
säga,sv,v
bolster,sv,n
gluten,sv,n
absoluta,sv,adj
reale,sv,n
runt,sv,adj
runt,sv,adv
sola,sv,v
ganska,sv,adv
hellre,sv,adv
vacker,sv,adj
vätska,sv,n
vätskan,sv,n
vätskor,sv,n
vätskorna,sv,n
homograf,sv,n
gå,sv,v
vänster,sv,adj
vänster,sv,n
höger,sv,adj
höger,sv,n
regnbåge,sv,n
regnig,sv,adj
regna,sv,v
regndroppe,sv,n
träsko,sv,n
sko,sv,n
sko,sv,v
rektor,sv,n
straff,sv,n
straff,sv,n
ro,sv,n
ro,sv,v
dum,sv,adj
lek,sv,n
lek,sv,v
glas,sv,n
lida,sv,v
poster,sv,n
poster,sv,n
kväve,sv,n
censor,sv,n
abborre,sv,n
öbo,sv,n
bowling,sv,n
civila,sv,adj
civilt,sv,adj
gratulation,sv,n
historian,sv,n
veteran,sv,n
matt,sv,adj
grad,sv,n
deism,sv,n
kalium,sv,n
kalium,sv,n
var,sv,adv
var,sv,conj
var,sv,n
var,sv,v
kinder,sv,n
rappa,sv,v
heterogen,sv,adj
prima,sv,adj
polis,sv,n
centrum,sv,n
förbannat,sv,adj
förbannat,sv,intj
helvete,sv,n
helvete,sv,intj
jävlar,sv,intj
jävlar,sv,n
kunskap,sv,n
visdom,sv,n
gradient,sv,n
nobel,sv,adj
vas,sv,n
spanjor,sv,n
giraff,sv,n
morfar,sv,n
öla,sv,v
kapitalism,sv,n
snarka,sv,v
hypotetisk,sv,adj
dolt,sv,v
lager,sv,n
lager,sv,n
brandgul,sv,adj
brandgul,sv,inf
brandgul,sv,n
plagiarisera,sv,v
dit,sv,adv
tragedi,sv,n
ordspråk,sv,n
ordstäv,sv,n
syra,sv,n
shorts,sv,n
bakar,sv,v
baka,sv,v
fjäril,sv,n
rike,sv,n
rike,sv,adj
isometri,sv,n
isometrisk,sv,adj
nämen,sv,intj
comeback,sv,n
palmsöndag,sv,n
handled,sv,n
vrist,sv,n
lukta,sv,v
abakus,sv,n
spill,sv,n
spill,sv,v
repetition,sv,n
lax,sv,n
etylen,sv,n
kolväte,sv,n
tryck,sv,n
tryck,sv,inf
tryck,sv,v
äta,sv,v
åt,sv,v
minera,sv,v
viktig,sv,adj
kvar,sv,adj
gammal,sv,adj
bakgrundsstrålning,sv,n
hastighet,sv,n
värld,sv,n
värd,sv,adj
värd,sv,n
ål,sv,n
ål,sv,inf
-et,sv,s
kan,sv,v
hjul,sv,n
ordförande,sv,n
djur,sv,n
foton,sv,n
elefant,sv,n
ropa,sv,v
alg,sv,n
ska bara,sv,v
ekvation,sv,n
ande,sv,n
dök,sv,v
dök,sv,n
andas,sv,v
alfa,sv,n
dissa,sv,v
bastu,sv,n
saxofon,sv,n
översätta,sv,v
brune,sv,adj
cotangent,sv,n
hummer,sv,n
dansk,sv,adj
dansk,sv,n
skitsnack,sv,n
tretal,sv,n
snacka skit,sv,v
subba,sv,n
extrapolation,sv,n
cello,sv,n
hotfull,sv,adj
perfekt tal,sv,n
ymnigt tal,sv,n
defekt tal,sv,n
vänskapliga tal,sv,n
snö,sv,n
snöa,sv,v
varit,sv,v
varifrån,sv,adv
vart,sv,adv
björn,sv,n
härifrån,sv,adv
mjukvara,sv,n
produkt,sv,n
köpte,sv,v
köpt,sv,v
köpa,sv,v
sälja,sv,v
placera,sv,v
rotation,sv,n
estnisk,sv,adj
hane,sv,n
papel,sv,n
harpun,sv,n
astronomer,sv,n
tzatziki,sv,n
jota,sv,n
uran,sv,n
natrium,sv,n
översättare,sv,n
välkommen,sv,intj
välkommen,sv,adj
mikro,sv,n
attentat,sv,n
mikrovågsugn,sv,n
hans,sv,p
hans,sv,adj
rings,sv,n
rings,sv,v
bits,sv,n
bits,sv,v
abiogenes,sv,n
absint,sv,n
abskissa,sv,n
absolut majoritet,sv,n
kvalificerad majoritet,sv,n
enkel majoritet,sv,n
relativ majoritet,sv,n
majoritet,sv,n
minoritet,sv,n
absoluta nollpunkten,sv,n
absorptionslinje,sv,n
emissionslinje,sv,n
amerikansk,sv,adj
Amerikan,sv,n
amerikanska,sv,adj
amerikanska,sv,n
asp,sv,n
teleskop,sv,n
koreansk,sv,adj
koreanska,sv,n
farlig,sv,adj
polsk,sv,adj
vaga,sv,adj
svensk,sv,adj
svensk,sv,n
konvex,sv,adj
missa,sv,v
älgtest,sv,n
falla mellan två stolar,sv,v
än,sv,adv
än,sv,conj
remiss,sv,n
äta upp sina egna ord,sv,v
massförstörelsevapen,sv,n
hallabaloo,sv,n
kela,sv,v
gör,sv,v
göra,sv,v
flicknamn,sv,n
fladdermus,sv,n
celadon,sv,n
celadon,sv,adj
hasta,sv,v
gåshud,sv,n
subversion,sv,n
sordin,sv,n
slava,sv,v
ölar,sv,v
ölade,sv,v
ölat,sv,v
ölande,sv,v
ölandes,sv,v
diamant,sv,n
vetenskaplig,sv,adj
biter,sv,v
blocks,sv,n
kylskåp,sv,n
ge upp,sv,v
tunga,sv,adj
tunga,sv,n
tunga,sv,n
utmärkt,sv,adj
utmärkt,sv,intj
utmärkt,sv,v
märka,sv,v
orsak,sv,n
grund,sv,adj
grund,sv,n
grund,sv,n
vansklig,sv,adj
hoar,sv,n
hoar,sv,v
kanin,sv,n
dolk,sv,n
surjektion,sv,n
verkställande direktör,sv,n
defenestrera,sv,v
kattsand,sv,n
kronärtskocka,sv,n
skjorta,sv,n
blomma,sv,n
blomma,sv,v
internationell,sv,adj
självuppfyllande profetia,sv,n
odödlighet,sv,n
dödlig,sv,adj
odödlig,sv,adj
dödlighet,sv,n
moder,sv,n
födelsedag,sv,n
födelsedag,sv,inf
medeltida,sv,adj
konvoj,sv,n
konvoj,sv,inf
singel,sv,n
singel,sv,inf
födelsedagspresent,sv,n
födelsedagspresent,sv,inf
rörmokare,sv,n
rörmokare,sv,inf
ikosaeder,sv,n
ikosaeder,sv,inf
dodekaeder,sv,n
dodekaeder,sv,inf
oktaeder,sv,n
oktaeder,sv,inf
tetraeder,sv,n
tetraeder,sv,inf
förstå,sv,v
missförstå,sv,v
förmåga,sv,n
förmåga,sv,inf
talang,sv,n
talang,sv,inf
födelsedagskalas,sv,n
gädda,sv,n
sjö,sv,n
sjö,sv,inf
ättiksyra,sv,n
chips,sv,n
vit,sv,adj
vitt,sv,adj
vitt,sv,adv
vitt,sv,n
homosexuell,sv,adj
homosexuell,sv,n
danser,sv,n
ruta,sv,n
dressing,sv,n
stat,sv,n
designer,sv,n
nanometer,sv,n
I,sv,p
Klara,sv,n
Urban,sv,n
japan,sv,n
fiji,sv,n
bann,sv,n
europe,sv,n
champagne,sv,n
polen,sv,n
polska,sv,adj
polska,sv,n
polska,sv,n
backe,sv,n
butan,sv,n
april,sv,n
september,sv,n
november,sv,n
december,sv,n
tamil,sv,n
azeri,sv,n
pitjantjatjara,sv,n
svarting,sv,n
slovak,sv,n
tigger,sv,v
karl,sv,n
armenier,sv,n
galen,sv,adj
amerikan,sv,n
råtta,sv,n
råtta,sv,inf
blivet,sv,v
anden,sv,n
anden,sv,n
satan,sv,intj
diss,sv,n
blåbär,sv,n
i morgon,sv,adv
morgondag,sv,n
morgondag,sv,inf
imorgon,sv,adv
godmorgon,sv,n
gomorron,sv,n
morn,sv,intj
igår,sv,adv
i förrgår,sv,adv
gårdag,sv,n
gårdag,sv,inf
i går,sv,adv
i övermorgon,sv,adv
ystad,sv,v
ysta,sv,v
kopparslagare,sv,n
interlingua,sv,n
bask,sv,n
oliver,sv,n
gurka,sv,n
kvadrat,sv,n
ocker,sv,n
finska,sv,adj
finska,sv,n
finska,sv,inf
estniska,sv,adj
estniska,sv,n
anarki,sv,n
bensin,sv,n
bensin,sv,n
helar,sv,v
sura,sv,adj
sura,sv,v
sura,sv,n
blunder,sv,n
celt,sv,n
differential,sv,n
larva sig,sv,v
venne,sv,contr
graf,sv,n
kors,sv,n
kors,sv,n
kors,sv,n
sarg,sv,n
få,sv,adv
få,sv,v
får,sv,n
får,sv,v
packet,sv,n
geometri,sv,n
fakultet,sv,n
domino,sv,n
ovan,sv,adj
puss,sv,n
assistent,sv,n
muslim,sv,n
koma,sv,n
mick,sv,n
pappa,sv,n
armband,sv,n
huvud,sv,n
tå,sv,n
dyr,sv,adj
växt,sv,n
växt,sv,v
surra,sv,v
klon,sv,n
har,sv,v
icke,sv,adv
icke,sv,n
nog,sv,adv
fett,sv,adj
fett,sv,adv
fett,sv,n
logi,sv,n
inte,sv,adv
lagom,sv,adv
lagom,sv,adj
slutrea,sv,n
W-boson,sv,n
Z-boson,sv,n
malen,sv,v
malen,sv,n
mun,sv,n
mun,sv,n
kol,sv,n
kokain,sv,n
bolivian,sv,n
klar,sv,adj
torp,sv,n
torp,sv,inf
på,sv,adj
sitt,sv,p
sitt,sv,v
turk,sv,n
slump,sv,n
krom,sv,n
sed,sv,n
aluminiumfolie,sv,n
puta,sv,v
tum,sv,n
afghan,sv,n
haven,sv,n
isolator,sv,n
fila,sv,v
plask,sv,n
plask,sv,inf
rapa,sv,v
tant,sv,n
sitta,sv,v
vicka,sv,v
stortån,sv,n
ont,sv,adj
vakuum,sv,n
lexikon,sv,n
för,sv,n
för,sv,v
för,sv,conj
så,sv,adv
så,sv,adj
så,sv,v
hon,sv,p
hon,sv,n
när,sv,adv
när,sv,v
hade,sv,v
säger,sv,v
mostrar,sv,n
tro,sv,n
tro,sv,v
sexans,sv,n
digitalkamera,sv,n
lede,sv,n
allt,sv,p
bara,sv,adj
bara,sv,adv
dansa,sv,v
draga,sv,v
anser,sv,v
lasta,sv,v
ofta,sv,adv
filma,sv,v
finna,sv,v
flaska,sv,n
fluga,sv,n
franska,sv,adj
franska,sv,n
mynt,sv,n
hitta,sv,v
kanna,sv,n
kanna,sv,inf
kort,sv,adj
kort,sv,n
kosta,sv,v
kyssa,sv,v
blatte,sv,n
svenne,sv,n
lyfta,sv,v
nota,sv,n
passa,sv,v
skilja,sv,v
spara,sv,v
svar,sv,n
svara,sv,v
synda,sv,v
skulle,sv,v
där,sv,adv
också,sv,adv
eller,sv,conj
idioterna,sv,n
idioten,sv,n
idioter,sv,n
fet,sv,adj
vakna,sv,adj
vakna,sv,v
mager,sv,adj
stinga,sv,v
falla,sv,v
binda,sv,v
aska,sv,n
aska,sv,v
vika,sv,v
vinna,sv,v
lessen,sv,adj
ramen,sv,n
okej,sv,adj
okej,sv,adv
okej,sv,intj
här,sv,n
här,sv,p
bära,sv,v
buren,sv,n
buren,sv,v
bur,sv,n
då,sv,adv
då,sv,conj
cichlid,sv,n
drucken,sv,adj
drucken,sv,v
serb,sv,n
Norden,sv,n
tjocka,sv,adj
tjocka,sv,n
tjock,sv,adj
bastion,sv,n
serie,sv,n
serie,sv,inf
väljare,sv,n
väljare,sv,inf
kvick,sv,adj
å andra sidan,sv,adv
Sankt,sv,n
Sankta,sv,n
ljudlöshet,sv,n
tyngdlöshet,sv,n
-lös,sv,s
skjuta sig själv i foten,sv,v
skjuta,sv,v
hela,sv,adj
hela,sv,v
posta,sv,v
pur,sv,adj
slå,sv,v
derby,sv,n
parti,sv,n
egennamn,sv,n
cistern,sv,n
amhariska,sv,n
liv,sv,n
lågsachsiska,sv,n
hord,sv,n
potent,sv,adj
decennium,sv,n
varelse,sv,n
linje,sv,n
bolivianska,sv,n
boliviansk,sv,adj
skit,sv,n
skit,sv,intj
älva,sv,n
brunt,sv,adj
fyr,sv,n
fyr,sv,inf
bytes,sv,v
bytes,sv,n
delfin,sv,n
ministerstyre,sv,n
ministerstyre,sv,inf
ägg,sv,n
reste,sv,v
matte,sv,n
hojtolja,sv,n
lågtryck,sv,n
högtryck,sv,n
högtryck,sv,inf
langa,sv,v
gott,sv,adj
gott,sv,adv
gott,sv,intj
vaxa,sv,v
annars,sv,adv
stena,sv,v
unge,sv,adj
unge,sv,n
leva,sv,v
abstrakta,sv,adj
acceptans,sv,n
acceptera,sv,v
accepterad,sv,v
accepterade,sv,v
accepterat,sv,v
adeln,sv,n
acetylsalicylsyra,sv,n
adelns,sv,n
adlad,sv,v
afgång,sv,n
afrikanerna,sv,n
allvarlig,sv,adj
allvarliga,sv,adj
allvarligt,sv,adj
allvarligt,sv,adv
adoption,sv,n
profet,sv,n
råd,sv,n
nabo,sv,n
nummer,sv,n
kronprins,sv,n
skotte,sv,n
kineser,sv,n
japaner,sv,n
brasilianer,sv,n
kubaner,sv,n
albaner,sv,n
finne,sv,n
danske,sv,adj
mobiltelefon,sv,n
brev,sv,n
asiat,sv,n
australier,sv,n
europeer,sv,n
fryser,sv,v
xylofon,sv,n
kant,sv,n
kalender,sv,n
dagbok,sv,n
kopp,sv,n
plats,sv,n
plats,sv,inf
leve,sv,v
nå,sv,v
hos,sv,n
ost,sv,n
ost,sv,n
ost,sv,n
katt,sv,n
vann,sv,n
vann,sv,v
rede,sv,n
laters,sv,n
lat,sv,adj
lat,sv,n
snöstorm,sv,n
kruciverbist,sv,n
kruciverbist,sv,inf
kruciverbism,sv,n
kruciverbism,sv,inf
orkan,sv,n
känt,sv,v
känt,sv,adj
känt,sv,num
känna,sv,v
ät,sv,v
ät,sv,n
fä,sv,n
bör,sv,inf
bör,sv,n
nöt,sv,n
nöt,sv,n
väl,sv,adv
väl,sv,conj
bäck,sv,n
daglig,sv,adj
dagligt,sv,adj
dagligt,sv,adv
dagliga,sv,adj
homogen,sv,adj
magen,sv,n
magert,sv,adj
magsmärtor,sv,n
magsäcken,sv,n
majoriteten,sv,n
majoriteter,sv,n
majs,sv,n
malm,sv,n
mamman,sv,n
mammans,sv,n
mammor,sv,n
manad,sv,n
mandaten,sv,n
manlig,sv,adj
manliga,sv,adj
manlige,sv,adj
mannen,sv,n
mannens,sv,n
mans,sv,n
mannar,sv,n
mannars,sv,n
mannarna,sv,n
mannarnas,sv,n
mäns,sv,n
männen,sv,n
männens,sv,n
manen,sv,n
manens,sv,n
manars,sv,n
manarna,sv,n
manarnas,sv,n
astronom,sv,n
astronom,sv,inf
minne,sv,n
minne,sv,inf
minnen,sv,n
minnet,sv,n
minns,sv,v
molekylärformel,sv,n
molekylärformel,sv,inf
makt,sv,n
makt,sv,inf
makten,sv,n
makter,sv,n
makterna,sv,n
makternas,sv,n
makters,sv,n
kisa,sv,v
låg,sv,adj
låg,sv,v
låga,sv,adj
låga,sv,n
såga,sv,v
såg,sv,n
såg,sv,v
säg,sv,v
hörn,sv,n
hörn,sv,inf
häst,sv,n
hastar,sv,v
hästar,sv,n
månar,sv,n
måne,sv,n
måne,sv,inf
lägen,sv,n
utrum,sv,n
elvakaffe,sv,n
snabbkaffe,sv,n
eftermiddagskaffe,sv,n
kaffeblandning,sv,n
kaffebricka,sv,n
kaffeböna,sv,n
kaffefat,sv,n
kaffemärke,sv,n
middagskaffe,sv,n
pipa,sv,n
pipa,sv,v
ukrainsk,sv,adj
jordkula,sv,n
kulformad,sv,adj
kulform,sv,n
kulgevär,sv,n
kulfång,sv,n
kullager,sv,n
kulspruta,sv,n
kulsprutepistol,sv,n
kulventil,sv,n
malkula,sv,n
veterans,sv,n
arms,sv,n
letters,sv,n
arguments,sv,n
regla,sv,v
armar,sv,n
ej,sv,adv
subbe,sv,n
bomba,sv,v
examen,sv,n
örn,sv,n
dragen,sv,adj
vada,sv,v
kaffebryggare,sv,n
morgonkaffe,sv,n
pulverkaffe,sv,n
kaffekvarn,sv,n
kaffetips,sv,n
bryggkaffe,sv,n
kokkaffe,sv,n
kaffepumpa,sv,n
sexpack,sv,n
inferno,sv,n
talgoxe,sv,n
vek,sv,adj
vek,sv,n
verktum,sv,n
verklinje,sv,n
chanson,sv,n
balle,sv,n
kaffeblask,sv,n
kaffelank,sv,n
kaffebryggning,sv,n
garn,sv,n
fått,sv,v
miljoner,sv,n
tror,sv,v
står,sv,v
tycker,sv,v
gamla,sv,adj
blivit,sv,v
gjort,sv,v
procent,sv,n
stå,sv,v
spela,sv,v
oss,sv,p
mindre,sv,adj
mindre,sv,adv
pengar,sv,n
började,sv,v
visar,sv,v
året,sv,n
vår,sv,p
vår,sv,n
bli,sv,v
nästan,sv,adv
tycka,sv,v
fanns,sv,v
exempel,sv,n
börja,sv,v
inget,sv,p
ingen,sv,p
till exempel,sv,adv
tyst,sv,adj
tyst,sv,adv
skolan,sv,n
snabbt,sv,adj
snabbt,sv,adv
livet,sv,n
kaffekopp,sv,n
disks,sv,n
serin,sv,n
koppar,sv,n
gode,sv,adj
algerier,sv,n
bulgar,sv,n
colombian,sv,n
costarican,sv,n
etiopier,sv,n
pepparkakor,sv,n
pepparkaka,sv,n
kroat,sv,n
nordkorean,sv,n
immigrant,sv,n
slovener,sv,n
tips,sv,n
albansk,sv,adj
holme,sv,n
översättarna,sv,n
dagen,sv,n
vilja,sv,n
vilja,sv,v
bodybuilding,sv,n
bodybuilder,sv,n
bedja,sv,v
hud,sv,n
advokat,sv,n
bror,sv,n
bak,sv,n
bak,sv,adv
vill,sv,v
hel,sv,adj
skinn,sv,n
spanska,sv,adj
spanska,sv,n
orka,sv,v
korn,sv,n
hexagonal,sv,adj
björk,sv,n
Neptunus,sv,n
cheddar,sv,n
hala,sv,adj
hala,sv,v
kaffeburk,sv,n
avgas,sv,n
divergent,sv,adj
sas,sv,v
sås,sv,n
myrornas krig,sv,n
lata,sv,adj
lata,sv,v
svårt,sv,adj
bebo,sv,v
adjö,sv,intj
bästa,sv,adj
hjärter,sv,n
hård,sv,adj
hårdvara,sv,n
lång,sv,adj
låta,sv,v
skarp,sv,adj
rom,sv,n
kejsarsnitt,sv,n
varm,sv,adj
förlåt,sv,intj
förlåt,sv,v
lacrosse,sv,n
esperanto,sv,n
cheviot,sv,n
schack,sv,n
schack,sv,intj
gyttja,sv,n
vegans,sv,n
slips,sv,n
mening,sv,n
borden,sv,n
gosse,sv,n
pingvin,sv,n
vittne,sv,n
flicka,sv,n
liten,sv,adj
matta,sv,n
matta,sv,v
ung,sv,adj
kafé,sv,n
halva,sv,n
halva,sv,n
gammalt,sv,adj
ungt,sv,adj
unga,sv,adj
giv,sv,n
giv,sv,v
giva,sv,v
baddräkt,sv,n
känsla,sv,n
känslor,sv,n
dräkt,sv,n
Gud,sv,n
gud,sv,n
gud,sv,n
gudsfruktan,sv,n
gåvo-,sv,p
gåvo,sv,v
gåva,sv,n
äro,sv,v
lands,sv,n
ägo,sv,n
göro,sv,v
äga,sv,n
äga,sv,v
gunga,sv,n
gunga,sv,v
noga,sv,adj
noga,sv,adv
slumpartikel,sv,n
hojtarolja,sv,n
olja,sv,n
olja,sv,v
tysk,sv,adj
tysk,sv,n
myndig,sv,adj
byxmyndig,sv,adj
byxa,sv,n
galla,sv,n
ärm,sv,n
armbåge,sv,n
syl,sv,n
svett,sv,adj
svett,sv,n
styrka,sv,n
styrka,sv,v
uppvakta,sv,v
vän,sv,adj
vän,sv,n
visare,sv,adj
visare,sv,n
ålder,sv,n
strövtåg,sv,n
säng,sv,n
futurum,sv,n
fortsättning,sv,n
cirkel,sv,n
drogen,sv,n
delen,sv,n
grens,sv,n
tand,sv,n
spel,sv,n
vinge,sv,n
dubbel,sv,adj
simpel,sv,adj
vinden,sv,n
kast,sv,n
vrede,sv,n
sång,sv,n
vals,sv,n
vals,sv,n
vals,sv,n
strut,sv,n
struts,sv,n
julgransfot,sv,n
vak,sv,n
vak,sv,n
vak,sv,n
vaken,sv,adj
vaken,sv,n
bröstkorg,sv,n
knäskål,sv,n
knä,sv,n
naken,sv,adj
ajö,sv,intj
bagen,sv,n
snabb,sv,adj
sandstorm,sv,n
kultur,sv,n
rött,sv,adj
rött,sv,n
blått,sv,n
blått,sv,adj
prata,sv,v
trång,sv,adj
tunn,sv,adj
tunn,sv,n
människa,sv,n
mänska,sv,n
fru,sv,n
hustru,sv,n
fisk,sv,n
fågel,sv,n
lus,sv,n
spricka,sv,n
spricka,sv,v
orm,sv,n
träd,sv,n
pinne,sv,n
frukt,sv,n
snor,sv,n
glasstrut,sv,n
frö,sv,n
löv,sv,n
gräs,sv,n
sicken,sv,p
brevet,sv,n
croupier,sv,n
palestinsk,sv,adj
palestinier,sv,n
palestinska,sv,n
fostermor,sv,n
korridor,sv,n
flygkorridor,sv,n
trä,sv,n
motivation,sv,n
tumnagel,sv,n
bars,sv,n
bars,sv,v
stum,sv,adj
osa,sv,v
asks,sv,n
sondotter,sv,n
dotterdotter,sv,n
lyckosam,sv,adj
tursam,sv,adj
barnbarn,sv,n
dotterson,sv,n
sonson,sv,n
sonbarn,sv,n
dotterbarn,sv,n
dotter,sv,n
styvdotter,sv,n
styvson,sv,n
svärdotter,sv,n
svärson,sv,n
måg,sv,n
svåger,sv,n
svägerska,sv,n
svärfar,sv,n
svärmor,sv,n
curling,sv,n
konjunktion,sv,n
konsonant,sv,n
stek,sv,n
snedfitta,sv,n
fönster,sv,n
heder,sv,n
heder,sv,n
hor,sv,n
kropp,sv,n
mack,sv,n
kött,sv,n
fjäder,sv,n
näsa,sv,n
inälvor,sv,n
rygg,sv,n
bröst,sv,n
nacke,sv,n
hjärta,sv,n
kroppsdel,sv,n
dricka,sv,n
dricka,sv,v
suga,sv,v
vem,sv,p
hur,sv,p
några,sv,p
vissa,sv,adj
annan,sv,p
någon,sv,p
kräkas,sv,v
blåsa,sv,n
blåsa,sv,v
skratta,sv,v
höra,sv,v
baren,sv,n
veta,sv,v
tänka,sv,v
spotta,sv,n
spotta,sv,v
spätta,sv,n
jaga,sv,v
jakt,sv,n
frukta,sv,v
rädas,sv,v
avreste,sv,v
krig,sv,n
symbols,sv,n
egentligen,sv,adv
sitter,sv,v
intern,sv,adj
intern,sv,n
cineast,sv,n
blida,sv,n
valla,sv,n
valla,sv,v
valsar,sv,n
valsar,sv,v
hockeyfrilla,sv,n
gåskarl,sv,n
fobi,sv,n
dö,sv,v
död,sv,adj
död,sv,n
död,sv,v
döda,sv,v
golv,sv,n
nörd,sv,n
mede,sv,n
brevbärare,sv,n
copywriter,sv,n
generalagent,sv,n
världsledande,sv,adj
plana,sv,v
sjunga,sv,v
att,sv,conj
Prag,sv,n
ting,sv,n
pina,sv,n
sim,sv,n
utskällning,sv,n
gå på offensiven,sv,v
ta sig friheten,sv,v
ta sig friheter,sv,v
kasta handsken,sv,v
rasa,sv,v
gymnast,sv,n
susning,sv,n
mala,sv,v
femtioelva,sv,adj
kasta in handduken,sv,v
delirium,sv,n
tangentbord,sv,n
letten,sv,n
viol,sv,n
väcka,sv,v
rar,sv,adj
landsman,sv,n
landsman,sv,inf
jobb,sv,n
peng,sv,n
gök,sv,n
göl,sv,n
föl,sv,n
kap,sv,n
kör,sv,n
kör,sv,v
drottning,sv,n
vad som helst,sv,p
hov,sv,n
hov,sv,n
fura,sv,n
rak,sv,adj
vad helst,sv,p
vad som än,sv,p
len,sv,adj
kor,sv,n
rost,sv,n
helst,sv,adv
vakar,sv,n
kar,sv,n
töm,sv,n
färg,sv,n
muta,sv,n
muta,sv,v
kanske,sv,adv
kram,sv,n
möta,sv,v
hejdå,sv,intj
nån,sv,adj
radiobil,sv,n
mord,sv,n
tanda,sv,v
hinta,sv,v
kaja,sv,n
piga,sv,n
taga,sv,v
paja,sv,v
sinne,sv,n
kanta,sv,v
skara,sv,n
utlänning,sv,n
främling,sv,n
sparka,sv,v
-es,sv,s
reell,sv,adj
inga,sv,p
vaja,sv,n
vaja,sv,v
eftersom,sv,conj
datamaskin,sv,n
ringa,sv,v
chauvinist,sv,n
yxa,sv,n
bollen,sv,n
yxan,sv,n
golvet,sv,n
bordet,sv,n
benet,sv,n
armen,sv,n
berget,sv,n
bladet,sv,n
bilen,sv,n
boken,sv,n
datumet,sv,n
diamanten,sv,n
diket,sv,n
dolken,sv,n
dygnet,sv,n
drömmen,sv,n
döden,sv,n
felet,sv,n
huvudet,sv,n
hata,sv,v
träffa,sv,v
sarv,sv,n
sarv,sv,n
burken,sv,n
glaset,sv,n
kniven,sv,n
dörren,sv,n
väggen,sv,n
taket,sv,n
korgen,sv,n
modersmål,sv,n
rit,sv,n
gåvan,sv,n
guden,sv,n
gräset,sv,n
grundet,sv,n
gemet,sv,n
födelsedagen,sv,n
fören,sv,n
giftet,sv,n
fåret,sv,n
fågeln,sv,n
kil,sv,n
hatt,sv,n
träsk,sv,n
lett,sv,n
lett,sv,v
skälla,sv,n
vana,sv,adj
vana,sv,n
arg,sv,adj
höna,sv,n
skola,sv,n
skola,sv,v
deist,sv,n
deists,sv,n
ras,sv,n
landa,sv,v
lusta,sv,n
utan,sv,conj
soluppgång,sv,n
köket,sv,n
kortet,sv,n
kriget,sv,n
kronan,sv,n
kulan,sv,n
knät,sv,n
katten,sv,n
kanten,sv,n
kaninen,sv,n
jakten,sv,n
vinkel,sv,n
nejlika,sv,n
skelett,sv,n
ört,sv,n
ärta,sv,n
åra,sv,n
kniv,sv,n
diamanter,sv,n
diamanterna,sv,n
armarna,sv,n
knivar,sv,n
knivarna,sv,n
träsket,sv,n
träsken,sv,n
hatten,sv,n
hattar,sv,n
hattarna,sv,n
örten,sv,n
örter,sv,n
örterna,sv,n
möjligheter,sv,n
möjlighet,sv,n
vatten,sv,n
skärm,sv,n
trädgård,sv,n
dagarna,sv,n
handelshögskola,sv,n
babian,sv,n
rasta,sv,v
mur,sv,n
kroner,sv,n
fis,sv,n
liven,sv,n
teori,sv,n
andre,sv,num
igel,sv,n
helt,sv,adj
helt,sv,adv
farfar,sv,n
kupa,sv,n
kupa,sv,v
jorden,sv,n
djup,sv,adj
djup,sv,n
ripa,sv,n
hava,sv,v
neder,sv,adv
bonde,sv,n
ha råd,sv,v
sist,sv,adj
vinda,sv,adj
vinda,sv,n
vinda,sv,v
vag,sv,adj
malva,sv,n
redan,sv,adv
ministär,sv,n
regering,sv,n
regeringen,sv,n
honom,sv,p
skelettet,sv,n
datumen,sv,n
skeletten,sv,n
kronorna,sv,n
mobilen,sv,n
mobiler,sv,n
mobilerna,sv,n
motorn,sv,n
motorer,sv,n
motorerna,sv,n
solen,sv,n
solarna,sv,n
trädet,sv,n
träden,sv,n
staden,sv,n
städer,sv,n
städerna,sv,n
spiken,sv,n
spikar,sv,n
spikarna,sv,n
spelet,sv,n
sprickan,sv,n
boj,sv,n
borta,sv,adv
alv,sv,n
gripa,sv,v
tur,sv,n
simma,sv,v
brud,sv,n
brud,sv,n
buk,sv,n
buk,sv,inf
repa,sv,n
repa,sv,v
repa,sv,v
minut,sv,n
sekund,sv,n
krog,sv,n
artilleri,sv,n
röka,sv,v
rov,sv,n
kut,sv,n
blir,sv,v
blev,sv,v
finns,sv,v
finnas,sv,v
gick,sv,v
gjorde,sv,v
går,sv,v
gått,sv,v
gjord,sv,v
gången,sv,n
gången,sv,v
ligger,sv,v
kommer,sv,v
steg,sv,n
steg,sv,v
åren,sv,n
ökat,sv,v
öka,sv,v
lekar,sv,n
rast,sv,n
samhället,sv,n
samhälle,sv,n
tina,sv,v
gudinna,sv,n
aioli,sv,n
roa,sv,v
sena,sv,adj
sena,sv,n
älska,sv,v
egendom,sv,n
pandeist,sv,n
pandeists,sv,n
femtielva,sv,adj
leende,sv,n
leende,sv,v
rosta,sv,v
måla,sv,v
melankolisk,sv,adj
huru,sv,p
duva,sv,n
programs,sv,n
tåg,sv,n
spårvagn,sv,n
lov,sv,n
klöver,sv,n
kolor,sv,n
brasa,sv,n
kunde,sv,v
vulgo,sv,adj
asar,sv,n
rätt,sv,adj
rätt,sv,adv
rätt,sv,n
smälta,sv,n
smälta,sv,v
töa,sv,v
hur som helst,sv,adv
hursomhelst,sv,adv
hursom helst,sv,adv
lingon,sv,n
byk,sv,n
oxe,sv,n
magar,sv,n
svettig,sv,adj
född,sv,adj
föda,sv,v
föda,sv,n
holmes,sv,n
sista,sv,adj
torg,sv,n
gondol,sv,n
stup,sv,n
komma,sv,n
komma,sv,v
drog,sv,n
drog,sv,v
soldat,sv,n
smet,sv,n
smet,sv,v
ris,sv,n
korp,sv,n
humle,sv,n
själ,sv,n
ister,sv,n
myra,sv,n
kramp,sv,n
skinka,sv,n
kyrka,sv,n
lån,sv,n
läke,sv,n
läkare,sv,n
läka,sv,v
smak,sv,n
vax,sv,n
mått,sv,n
mått,sv,v
allhelgonadagen,sv,n
knapp,sv,n
knapp,sv,adj
knopp,sv,n
snöre,sv,n
fransk,sv,adj
danska,sv,n
strid,sv,n
sår,sv,n
sår,sv,v
tolk,sv,n
såpa,sv,n
ämbar,sv,n
såll,sv,n
tarv,sv,n
tält,sv,n
tull,sv,n
domare,sv,n
tobak,sv,n
torv,sv,n
ugn,sv,n
skena,sv,n
skena,sv,v
filmjölk,sv,n
vild,sv,adj
våld,sv,n
vakt,sv,n
välja,sv,v
vallmo,sv,n
värk,sv,n
verk,sv,n
hav,sv,n
hav,sv,v
Kalifornien,sv,n
fram,sv,adv
fram,sv,adv
översikt,sv,n
udd,sv,n
raka,sv,v
rida,sv,v
spann,sv,n
dadaist,sv,n
spilla,sv,v
saka,sv,v
spinna,sv,v
springa,sv,n
springa,sv,v
sprit,sv,n
stilla,sv,adj
stilla,sv,v
upp,sv,adv
väg,sv,n
eld,sv,n
trött,sv,adj
öde,sv,adj
öde,sv,n
jonglera,sv,v
spis,sv,n
kraft,sv,n
svår,sv,adj
duk,sv,n
cannelloni,sv,n
häger,sv,n
dokument,sv,n
kung,sv,n
ved,sv,n
kvinnor,sv,n
bringa,sv,n
bringa,sv,v
fasta,sv,adj
fasta,sv,n
fasta,sv,v
fylla,sv,n
fylla,sv,v
gäspa,sv,v
glatt,sv,adj
glatt,sv,adv
hoppa,sv,v
dags,sv,n
dags,sv,n
supremum,sv,n
noshörning,sv,n
-ning,sv,s
dansare,sv,n
klättrare,sv,n
flyga,sv,v
svarar,sv,v
leka,sv,v
vända,sv,n
vända,sv,v
fordon,sv,n
mjöl,sv,n
ulv,sv,n
guldfisk,sv,n
tjej,sv,n
båge,sv,n
lördagsgodis,sv,n
locken,sv,n
nål,sv,n
bål,sv,n
bål,sv,n
dåre,sv,n
lamm,sv,n
krater,sv,n
gås,sv,n
gård,sv,n
kål,sv,n
lår,sv,n
lår,sv,n
lås,sv,n
lås,sv,v
studie,sv,n
låsa,sv,v
Mårtensgås,sv,n
lockens,sv,n
lockar,sv,n
lockar,sv,v
legitimation,sv,n
små,sv,adj
negativa,sv,adj
pålitlig,sv,adj
hylla,sv,n
hylla,sv,v
kasus,sv,n
nominativ,sv,n
genitiv,sv,n
ackusativ,sv,n
dativ,sv,n
servera,sv,v
även,sv,adv
ändå,sv,adv
åka,sv,v
betäcka,sv,v
varg,sv,n
subtil,sv,adj
filateli,sv,n
lära,sv,n
lära,sv,v
lära,sv,v
nötkött,sv,n
nötkreatur,sv,n
ablativ,sv,n
nalle,sv,n
odon,sv,n
örat,sv,n
eka,sv,n
eka,sv,v
kolera,sv,n
astma,sv,n
selleri,sv,n
dina,sv,p
curare,sv,n
bålgeting,sv,n
bålgeting,sv,inf
äppelpaj,sv,n
guld,sv,n
namne,sv,n
darra,sv,v
kaka,sv,n
kaka,sv,n
nassel,sv,n
kub,sv,n
klippdass,sv,n
borda,sv,v
borda,sv,n
förföra,sv,v
förhöra,sv,v
lustig,sv,adj
panteism,sv,n
genom,sv,n
kille,sv,n
landsmaninna,sv,n
landsmaninna,sv,inf
svart,sv,adj
hallon,sv,n
gavel,sv,n
evergreens,sv,n
lera,sv,n
kasta,sv,v
zebras,sv,n
arsle,sv,n
bunta,sv,v
focka,sv,v
tillsammans,sv,adv
äldst,sv,adj
rena,sv,adj
rena,sv,v
grekiska,sv,n
grekiska,sv,adj
sak,sv,n
sak,sv,n
gång,sv,n
gång,sv,n
gång-,sv,p
talet,sv,n
utgång,sv,n
ingång,sv,n
avgång,sv,n
gymnasist,sv,n
kläder,sv,n
kläder,sv,v
broder,sv,n
tanka,sv,v
glycin,sv,n
deisms,sv,n
pandeisms,sv,n
balja,sv,n
slida,sv,n
faders,sv,n
trycka,sv,v
direkt,sv,adj
direkt,sv,adv
kreativ,sv,adj
foten,sv,n
pandeism,sv,n
avokado,sv,n
fela,sv,n
fela,sv,v
Stockholmssyndrom,sv,n
Stockholmssyndromet,sv,n
vadställe,sv,n
självgod,sv,adj
medborgare,sv,n
höstack,sv,n
ojävig,sv,adj
jävig,sv,adj
hålla,sv,v
blomkål,sv,n
läcker,sv,adj
läcker,sv,v
Skandinavien,sv,n
vind,sv,n
heter,sv,v
heta,sv,adj
heta,sv,v
borde,sv,v
salta,sv,adj
salta,sv,v
saltare,sv,adj
deismen,sv,n
deismens,sv,n
deismer,sv,n
deismers,sv,n
deismerna,sv,n
deismernas,sv,n
pandeismen,sv,n
pandeismens,sv,n
pandeismers,sv,n
pandeismernas,sv,n
pandeismer,sv,n
pandeismerna,sv,n
panteismer,sv,n
panteismerna,sv,n
panteismen,sv,n
panteisms,sv,n
panteismens,sv,n
panteismers,sv,n
panteismernas,sv,n
problemformuleringsprivilegium,sv,n
ligga,sv,v
lägga,sv,v
lägga sig i,sv,v
lägga näsan i blöt,sv,v
dölja,sv,v
stam,sv,n
ibland,sv,adv
jord,sv,n
bota,sv,v
hjälpa,sv,v
nordkoreansk,sv,adj
finsk,sv,adj
storgata,sv,n
stormästare,sv,n
syre,sv,n
först,sv,adj
först,sv,adv
kvarn,sv,n
gastar,sv,v
perfa,sv,intj
svindyr,sv,adj
osar,sv,v
teknologi,sv,n
dess,sv,p
dess,sv,adj
dess,sv,n
leda,sv,n
leda,sv,v
hennes,sv,p
hennes,sv,adj
henne,sv,p
udda funktion,sv,n
jämn funktion,sv,n
udda,sv,adj
jämn,sv,adj
funktion,sv,n
doping,sv,n
dvärg,sv,n
choklad,sv,n
argumenten,sv,n
armé,sv,n
armaste,sv,adj
armare,sv,adj
ambitiösa,sv,adj
ambitiös,sv,adj
hör,sv,v
spår,sv,n
hjärtlig,sv,adj
i dag,sv,adv
leder,sv,n
leder,sv,v
minuter,sv,n
minst,sv,adj
hy,sv,n
barriga,sv,adj
barrig,sv,adj
handen,sv,n
båda,sv,p
blanda,sv,v
spansk,sv,adj
erfara,sv,v
äggviteämne,sv,n
anta,sv,v
alliera,sv,v
aktivera,sv,v
agera,sv,v
adoptera,sv,v
abdikera,sv,v
armén,sv,n
alpen,sv,n
avvisa,sv,v
avtala,sv,v
avskeda,sv,v
avresa,sv,v
avresa,sv,n
avstyra,sv,v
avse,sv,v
avlägsna,sv,adj
avlägsna,sv,v
avlägsen,sv,adj
avslöja,sv,v
avlida,sv,v
antyda,sv,v
angå,sv,v
anlita,sv,v
anställa,sv,v
alperna,sv,n
annonsera,sv,v
basen,sv,n
märra,sv,n
märren,sv,n
märr,sv,n
acetat,sv,n
plötsligt,sv,adv
censuren,sv,n
senor,sv,n
databas,sv,n
ske,sv,v
hända,sv,v
skalbagge,sv,n
galt,sv,n
galt,sv,v
hemma,sv,adv
anse,sv,v
bads,sv,n
bads,sv,v
bens,sv,n
lounges,sv,n
trams,sv,n
bergs,sv,n
cancers,sv,n
planers,sv,n
godis,sv,n
finten,sv,n
gastad,sv,adj
gasta,sv,v
gasten,sv,n
havens,sv,n
extrema,sv,adj
reser,sv,v
apelsin,sv,n
oktan,sv,n
kyss,sv,n
pelare,sv,n
lita,sv,v
sakna,sv,v
samarbeta,sv,v
samla,sv,v
sanning,sv,n
sannolikhet,sv,n
sannolik,sv,adj
skydda,sv,v
skära,sv,adj
skära,sv,n
skära,sv,v
anglicism,sv,n
panteon,sv,n
narra,sv,v
numera,sv,adv
osen,sv,n
raspa,sv,v
regenten,sv,n
reta,sv,v
talare,sv,n
talares,sv,n
talaren,sv,n
trilla,sv,v
valsen,sv,n
vete,sv,n
studera,sv,v
piska,sv,n
piska,sv,v
stödja,sv,v
jeti,sv,n
bekomma,sv,v
fullfölja,sv,v
fullborda,sv,v
fria,sv,adj
fria,sv,v
truten,sv,n
kryss,sv,n
ström,sv,n
förgäta,sv,v
förgäten,sv,adj
genmäle,sv,n
paj,sv,adj
paj,sv,n
myt,sv,n
diskriminera,sv,v
närvara,sv,v
anledning,sv,n
blunda,sv,v
blund,sv,n
ledare,sv,n
sätt,sv,n
sätt,sv,v
tidigare,sv,adj
tidig,sv,adj
prova,sv,v
skräck,sv,n
cancan,sv,n
lugn,sv,adj
lugn,sv,n
talarna,sv,n
talarnas,sv,n
talarens,sv,n
högtalare,sv,n
dej,sv,p
vinter,sv,n
antik,sv,adj
antikvitet,sv,n
antikvariat,sv,n
antiken,sv,n
andel,sv,n
andlig,sv,adj
arkiv,sv,n
arkivarie,sv,n
arkivera,sv,v
armast,sv,adj
armt,sv,adj
arv,sv,n
ärva,sv,v
arvinge,sv,n
ateism,sv,n
ateist,sv,n
differentialekvation,sv,n
gränsvärde,sv,n
Mandelbrotmängd,sv,n
fraktal,sv,adj
fraktal,sv,n
bög,sv,n
negativ,sv,adj
negativ,sv,n
differensekvation,sv,n
gammafunktionen,sv,n
jeep,sv,n
frasa,sv,n
grädde,sv,n
flingor,sv,n
skit ner dig,sv,intj
kapitel,sv,n
prästen,sv,n
supinum,sv,n
ljus,sv,adj
ljus,sv,n
rät,sv,adj
lejon,sv,n
håll truten,sv,intj
trut,sv,n
kalkon,sv,n
alm,sv,n
amöba,sv,n
söt,sv,adj
sjukdom,sv,n
tjärn,sv,n
vattenkran,sv,n
alkan,sv,n
dekan,sv,n
dekan,sv,n
heptan,sv,n
hexan,sv,n
pentan,sv,n
propan,sv,n
nonan,sv,n
oktantal,sv,n
naturgas,sv,n
alban,sv,n
censur,sv,n
smita,sv,v
vykort,sv,n
äkta,sv,adj
äkta,sv,v
häkta,sv,v
yttra,sv,v
tupp,sv,n
skare,sv,n
tolva,sv,n
abdikation,sv,n
affär,sv,n
akademi,sv,n
vindsvåning,sv,n
nära,sv,adj
universitet,sv,n
lille,sv,adj
skål,sv,n
skål,sv,intj
ditt,sv,p
ert,sv,p
Avogadros tal,sv,n
euklidiskt plan,sv,n
euklidiskt rum,sv,n
Fouriertransform,sv,n
Hilbertrum,sv,n
Laplacetransform,sv,n
Laplaceoperator,sv,n
Pytagoras sats,sv,n
Riemannyta,sv,n
förkorta,sv,v
-dimensionell,sv,s
euklidiskt,sv,adj
euklidisk,sv,adj
Fourierserie,sv,n
z-transform,sv,n
yta,sv,n
absolutbelopp,sv,n
belopp,sv,n
affin transformation,sv,n
affint rum,sv,n
affin grupp,sv,n
affin geometri,sv,n
affin,sv,adj
affint,sv,adj
lycka till,sv,intj
förlåta,sv,v
algebraisk,sv,adj
algebraisk funktion,sv,n
algebraisk geometri,sv,n
algebraiskt heltal,sv,n
algebraiskt,sv,adj
algebraiskt tal,sv,n
algoritmisk,sv,adj
heltal,sv,n
farmor,sv,n
farmoder,sv,n
demagog,sv,n
asymptotisk,sv,adj
aritmetisk,sv,adj
argumentation,sv,n
diskussion,sv,n
tillämpad matematik,sv,n
antiparallell,sv,adj
antiderivata,sv,n
primitiv funktion,sv,n
vinkelhastighet,sv,n
analytisk funktion,sv,n
analytisk,sv,adj
amplitud,sv,n
uppkvark,sv,n
betapartikel,sv,n
bottenkvark,sv,n
nedkvark,sv,n
nerkvark,sv,n
Higgspartikel,sv,n
Higgsboson,sv,n
antipartikel,sv,n
antikvark,sv,n
kvark,sv,n
stortå,sv,n
östrogen,sv,n
motorcykel,sv,n
blixt,sv,n
verkar,sv,v
verka,sv,v
hessian,sv,n
gräns,sv,n
bijektion,sv,n
injektion,sv,n
surjektiv,sv,adj
bijektiv,sv,adj
injektiv,sv,adj
chitvåfördelning,sv,n
kommutativ,sv,adj
distributiv,sv,adj
associativ,sv,adj
associativitet,sv,n
kommutativitet,sv,n
delmängd,sv,n
topologisk,sv,adj
kommutera,sv,v
kombinatorik,sv,n
mängd,sv,n
mängder,sv,n
tillhanda,sv,adj
demobilisera,sv,v
mobilisera,sv,v
mobilisering,sv,n
ellipsoid,sv,n
byråkratiska,sv,adj
byråkratiska,sv,n
byråkratisk,sv,adj
sjukhus,sv,n
sjuk,sv,adj
insjukna,sv,v
sammanhängande rum,sv,n
konstant funktion,sv,n
konstant,sv,adj
konstant,sv,n
koordinatsystem,sv,n
koordinat,sv,n
korollarium,sv,n
följdsats,sv,n
koordinera,sv,v
reell axel,sv,n
kubikrot,sv,n
divergera,sv,v
konvergera,sv,v
legering,sv,n
böna,sv,n
böna,sv,v
pulver,sv,n
ren matematik,sv,n
vore,sv,v
konvergent,sv,adj
konvergens,sv,n
divergens,sv,n
diskretisera,sv,v
diskretisering,sv,n
diskontinuerlig,sv,adj
diskontinuitet,sv,n
direkt proportionell,sv,adj
avtagande funktion,sv,n
växande funktion,sv,n
strikt avtagande funktion,sv,n
strikt växande funktion,sv,n
monoton funktion,sv,n
strikt monoton funktion,sv,n
bågsekund,sv,n
svara på,sv,v
bågminut,sv,n
ökänd,sv,adj
okänd,sv,adj
stokastisk,sv,adj
soffliggare,sv,n
falsk som vatten,sv,adj
mucka,sv,v
otur,sv,n
otur,sv,intj
köl,sv,n
kantar,sv,v
seger,sv,n
segra,sv,v
dra,sv,v
dra,sv,intj
gren,sv,n
porr,sv,n
bada,sv,v
stungo,sv,v
något,sv,p
tron,sv,n
tian,sv,n
sagt,sv,v
satt,sv,adj
satt,sv,v
sann,sv,adj
slagen,sv,adj
slagen,sv,n
sker,sv,v
tanke,sv,n
skapa,sv,v
lämna,sv,v
regel,sv,n
gånger,sv,n
strunt,sv,n
lagga,sv,v
musikalisk,sv,adj
musicera,sv,v
elliptisk funktion,sv,n
egenfunktion,sv,n
extremvärde,sv,n
extrempunkt,sv,n
extrapolera,sv,v
uttryck,sv,n
exponentialfunktion,sv,n
exponentialfördelning,sv,n
ekvivalent,sv,adj
marmor,sv,n
nja,sv,adv
disackarid,sv,n
funktor,sv,n
funktional,sv,n
funktionell,sv,adj
fungerande,sv,adj
fixpunkt,sv,n
växande,sv,adj
växande,sv,n
faktorisera,sv,v
erövra,sv,v
evig,sv,adj
nicka,sv,v
nicka till,sv,v
ana ugglor i mossen,sv,v
trubbig,sv,adj
stava,sv,v
leja,sv,v
bref,sv,n
hed,sv,n
vulkan,sv,n
pronomen,sv,n
lön,sv,n
acetylen,sv,n
jäkta,sv,v
kalabalik,sv,n
paraboloid,sv,n
kinesisk,sv,adj
oberäknelig,sv,adj
säck,sv,n
lättöl,sv,n
starköl,sv,n
dragspel,sv,n
knullruffs,sv,n
honung,sv,n
smaka,sv,v
jäst,sv,n
tja,sv,intj
tja,sv,adv
aktinium,sv,n
gry,sv,v
samband,sv,n
betala,sv,v
ändligdimensionell,sv,adj
funktionsrum,sv,n
ändlig,sv,adj
citronsyra,sv,n
neka,sv,v
förneka,sv,v
logaritm,sv,n
förflyttning,sv,n
harmoniskt medelvärde,sv,n
medelvärde,sv,n
geometriskt medelvärde,sv,n
aritmetiskt medelvärde,sv,n
multiplikation,sv,n
frihetsgrad,sv,n
uppräknelig,sv,adj
korrelation,sv,n
släkting,sv,n
uppgift,sv,n
Poissonfördelning,sv,n
imaginär,sv,adj
lösning,sv,n
lösa,sv,adj
lösa,sv,v
känd,sv,adj
gympa,sv,n
Boolesk algebra,sv,n
kvadratisk matris,sv,n
matris,sv,n
matris,sv,n
inverterbar matris,sv,n
inverterbar,sv,adj
linjär algebra,sv,n
linjär,sv,adj
kråkfötter,sv,n
exponentiering,sv,n
ordinär differentialekvation,sv,n
partiell differentialekvation,sv,n
partiell,sv,adj
partiell derivata,sv,n
derivata,sv,n
ordinär,sv,adj
kvot,sv,n
hyperbolisk,sv,adj
punktlig,sv,adj
excentricitet,sv,n
kvadrant,sv,n
oktant,sv,n
ordförståelse,sv,n
förståelse,sv,n
lynnig,sv,adj
slovens,sv,n
kontor,sv,n
deisten,sv,n
pandeisten,sv,n
panteist,sv,n
mista,sv,v
storlek,sv,n
kompass,sv,n
bebos,sv,v
bjuda,sv,v
vårdkase,sv,n
riva,sv,v
lätt,sv,adj
förra,sv,adj
föregående,sv,adj
förenkla,sv,v
rökfritt,sv,adj
luta,sv,n
luta,sv,v
alkohol,sv,n
trumpinnefingrar,sv,n
iktyos,sv,n
rosfeber,sv,n
efflorescens,sv,n
nässelfeber,sv,n
urtika,sv,n
kvaddel,sv,n
knottra,sv,n
knottra,sv,v
ingenting,sv,adv
någonting,sv,adv
klyka,sv,n
egenskap,sv,n
dansk skalle,sv,n
vattkoppor,sv,n
smittkoppor,sv,n
misshandla,sv,v
misshandel,sv,n
centiliter,sv,n
klämma,sv,v
bajs,sv,n
midsommarstång,sv,n
folkbokföring,sv,n
enslinje,sv,n
familj,sv,n
förnimma,sv,v
tumme,sv,n
blyg,sv,adj
stampa,sv,v
tassa,sv,v
hallåa,sv,n
kamp,sv,n
kamp,sv,n
killa,sv,v
kondoleans,sv,n
metall,sv,n
hälsningar,sv,n
hälsning,sv,n
nypon,sv,n
lika,sv,adj
lika,sv,v
brottning,sv,n
dysterkvist,sv,n
postern,sv,n
avtjäna,sv,v
läsarnas,sv,n
läsare,sv,n
möte,sv,n
allting,sv,adv
allting,sv,n
öken,sv,n
pröva,sv,v
platonsk kropp,sv,n
abstrakt algebra,sv,n
addera,sv,v
algebraiker,sv,n
antikommutativ,sv,adj
antikommutativitet,sv,n
automorfi,sv,n
automorfism,sv,n
bokstav,sv,n
planka,sv,n
planka,sv,v
våt,sv,adj
häll,sv,n
nött,sv,adj
syll,sv,n
häl,sv,n
kjol,sv,n
sjok,sv,n
friggebod,sv,n
piruett,sv,n
köttig,sv,adj
köttslig,sv,adj
lammkött,sv,n
halvö,sv,n
konjak,sv,n
rulla,sv,n
rulla,sv,v
koka,sv,v
snart,sv,adv
deras,sv,p
virke,sv,n
kines,sv,n
röntgenium,sv,n
zirkonium,sv,n
afrikaans,sv,n
vallgrav,sv,n
bondpermission,sv,n
nackdel,sv,n
fördel,sv,n
däggdjur,sv,n
analys,sv,n
kategoriteori,sv,n
butanol,sv,n
banan,sv,n
jojo,sv,n
geologi,sv,n
kolja,sv,n
ju,sv,adv
epifys,sv,n
hypofys,sv,n
psykologi,sv,n
stel,sv,adj
polytop,sv,n
polyeder,sv,n
omskriven sfär,sv,n
asbest,sv,n
följer,sv,v
finlandssvensk,sv,adj
finlandssvensk,sv,n
dussin,sv,n
skock,sv,n
tjog,sv,n
snes,sv,n
finländsk,sv,adj
likhet,sv,n
röstboskap,sv,n
isskrapa,sv,n
löpa,sv,v
kosmologi,sv,n
diplom,sv,n
löpare,sv,n
springare,sv,n
dadaism,sv,n
kuf,sv,n
framföra,sv,v
nalka,sv,v
nalkas,sv,v
näck,sv,adj
näcka,sv,v
blåsa upp,sv,v
geolog,sv,n
zoolog,sv,n
biolog,sv,n
gräslök,sv,n
sval,sv,adj
sval,sv,n
pragmatisk,sv,adj
konundrum,sv,n
genomskinlig,sv,adj
genomsynlig,sv,adj
mulen,sv,adj
kärnkraftverk,sv,n
kraftverk,sv,n
elenergi,sv,n
mordiska,sv,adj
atomära,sv,adj
skrämmande,sv,adj
skoningslösa,sv,adj
förstörande,sv,adj
ödeläggande,sv,adj
raserande,sv,adj
spridda,sv,adj
troliga,sv,adj
ökända,sv,adj
resurskrävande,sv,adj
elaka,sv,adj
långt,sv,adj
sammansatta,sv,adj
vanliga,sv,adj
potenta,sv,adj
nordkoreanska,sv,adj
effektiva,sv,adj
nödvändiga,sv,adj
mordisk,sv,adj
atomär,sv,adj
skrämma,sv,v
skoningslös,sv,adj
förstöra,sv,v
ödelägga,sv,v
rasera,sv,v
spridd,sv,adj
trolig,sv,adj
elak,sv,adj
sammansatt,sv,adj
extrem,sv,adj
vanlig,sv,adj
effektiv,sv,adj
nödvändig,sv,adj
massförstörelsevapnen,sv,n
svårutrotade,sv,adj
svårutrotad,sv,adj
massförstörelsevapnens,sv,n
ljudlös,sv,adj
ljudlöst,sv,adj
vederstygglig,sv,adj
vederstyggliga,sv,adj
samvetslösa,sv,adj
samvetslös,sv,adj
ljudlösa,sv,adj
terroriserande,sv,adj
apokalyptisk,sv,adj
apokalyptiska,sv,adj
horoskop,sv,n
evinnerliga,sv,adj
eldar,sv,n
eldar,sv,v
evinnerlig,sv,adj
meningslösa,sv,adj
meningslös,sv,adj
livsfarlig,sv,adj
livsfarliga,sv,adj
kubisk funktion,sv,n
tredjegradsfunktion,sv,n
tredjegradsekvation,sv,n
kubisk ekvation,sv,n
kritisk punkt,sv,n
barka,sv,v
Calmare,sv,n
kontravariant,sv,adj
kedjebråk,sv,n
konstruktivism,sv,n
integrationskonstant,sv,n
kongruent,sv,adj
kongruens,sv,n
sammansatt funktion,sv,n
kompakt rum,sv,n
kombinatoriker,sv,n
målmängd,sv,n
chitvåtest,sv,n
kaosteori,sv,n
masscentrum,sv,n
katastrofteori,sv,n
frasera,sv,v
natriumcitrat,sv,n
natriumcyklamat,sv,n
aspartam,sv,n
stabilisator,sv,n
natriumbenzoat,sv,n
nikotin,sv,n
vinbär,sv,n
äppeljuice,sv,n
päronjuice,sv,n
kaliumsorbat,sv,n
jordgubbsjuice,sv,n
kardinaltal,sv,n
motbjudande,sv,adj
motbjudande,sv,n
postapokalyptiska,sv,adj
postapokalyptisk,sv,adj
anmärkningsvärda,sv,adj
anmärkningsvärd,sv,adj
exceptionella,sv,adj
exceptionell,sv,adj
överflödiga,sv,adj
överflödig,sv,adj
skräckinjagande,sv,adj
skräckinjagande,sv,n
faroframkallande,sv,adj
faroframkallande,sv,n
respektingivande,sv,adj
svårbegripliga,sv,adj
svårbegriplig,sv,adj
askorbinsyra,sv,n
betakaroten,sv,n
sorbat,sv,n
alkyn,sv,n
anka,sv,n
gråta,sv,v
vietnamesisk,sv,adj
kö,sv,n
kön,sv,n
schimpans,sv,n
ovana,sv,n
ovana,sv,adj
Schrödingers katt,sv,n
äggula,sv,n
äggvita,sv,n
äggkopp,sv,n
i morgon bitti,sv,adv
fiska,sv,v
flyta,sv,v
hänga,sv,v
kalla,sv,v
kalla,sv,adj
gräva,sv,v
källa,sv,n
klippa,sv,v
klippa,sv,n
kliva,sv,v
laga,sv,v
krypa,sv,v
lindra,sv,v
lova,sv,v
lova,sv,v
lova,sv,v
rita,sv,v
skugga,sv,n
skugga,sv,v
virka,sv,v
klaga,sv,v
rigga,sv,v
samma,sv,p
samma,sv,adj
svimma,sv,v
svika,sv,v
likna,sv,v
svära,sv,v
mässling,sv,n
påssjuka,sv,n
dragé,sv,n
banga,sv,v
stavelse,sv,n
kaffekask,sv,n
packa,sv,v
struken,sv,adj
önskan,sv,n
världsåskådning,sv,n
farthinder,sv,n
fartgupp,sv,n
stenkast,sv,n
ämna,sv,v
norska,sv,n
växa,sv,v
packad,sv,adj
tippa,sv,v
krans,sv,n
dålig,sv,adj
sämre,sv,adj
sämre,sv,adv
traktor,sv,n
hål,sv,n
sked,sv,n
ligga med,sv,v
rigg,sv,n
spilla tid,sv,v
sällan,sv,adv
sällan,sv,intj
akvatisk,sv,adj
trappa,sv,n
gäst,sv,n
blåögd,sv,adj
följa,sv,v
nuvarande,sv,adj
dåvarande,sv,adj
senare,sv,adj
senaste,sv,adj
samtidig,sv,adj
såld,sv,adj
sällsynt,sv,adj
södra,sv,adj
tjäna,sv,v
tänker,sv,v
riksdag,sv,n
fagott,sv,n
oj,sv,intj
pissa,sv,v
norskar,sv,n
stubbe,sv,n
fjärrkontroll,sv,n
dimma,sv,n
läget,sv,n
behöva,sv,v
behöver,sv,v
gillar,sv,v
synd,sv,n
basun,sv,n
trombon,sv,n
karboxylsyra,sv,n
inval,sv,n
dräpa,sv,v
dråp,sv,n
prinsessa,sv,n
påve,sv,n
frälsningssoldat,sv,n
början,sv,n
kisse,sv,n
substantiv,sv,n
kofot,sv,n
karta,sv,n
tamponad,sv,n
dekliv,sv,n
viska,sv,v
skata,sv,n
automat,sv,n
avrunda,sv,v
genomföra,sv,v
erfaren,sv,adj
husar,sv,n
skepsis,sv,n
befinna,sv,v
ratt,sv,n
ladda ner,sv,v
kärlek,sv,n
spektrum,sv,n
asg,sv,intj
underlätta,sv,v
safir,sv,n
omtänksamhet,sv,n
faktoriserbar,sv,adj
avstava,sv,v
aktuell,sv,adj
lägga locket på,sv,v
genitalitet,sv,n
filosofi,sv,n
fler,sv,adj
zoologi,sv,n
fint,sv,adj
fint,sv,n
astronomi,sv,n
batteri,sv,n
faktura,sv,n
uppdriven,sv,adj
akalkyli,sv,n
biografi,sv,n
neurologi,sv,n
kamfer,sv,n
staspapill,sv,n
fotnot,sv,n
sammanfattning,sv,n
motivering,sv,n
tvärtom,sv,adv
försäkra,sv,v
prokrastinera,sv,v
skatta,sv,v
skava,sv,v
starta,sv,v
störta,sv,v
törsta,sv,v
trösta,sv,v
röstat,sv,v
zink,sv,n
mormor,sv,n
grå,sv,adj
voro,sv,v
värre,sv,adj
värre,sv,adv
färre,sv,adv
ekonomi,sv,n
skeppa,sv,v
listhud,sv,n
annat,sv,p
teism,sv,n
sammet,sv,n
nyans,sv,n
dyra,sv,adj
antropologi,sv,n
kritisera,sv,v
kritiker,sv,n
vapen,sv,n
motivera,sv,v
säckpipa,sv,n
fysik,sv,n
fysiker,sv,n
fysikalisk,sv,adj
fysisk,sv,adj
diskett,sv,n
gynekologi,sv,n
musiker,sv,n
tivoli,sv,n
nyckel,sv,n
anomali,sv,n
avdragsschack,sv,n
kusin,sv,n
användare,sv,n
finländare,sv,n
finsko,sv,n
finsko,sv,inf
ledsen,sv,adj
ankan,sv,n
kuta,sv,v
skalär,sv,adj
skalär,sv,n
antagligen,sv,adv
fingo,sv,v
årlig,sv,adj
ärlig,sv,adj
slovakiska,sv,adj
slovakiska,sv,n
rumänska,sv,adj
rumänska,sv,n
maltesiska,sv,adj
maltesiska,sv,n
litauiska,sv,adj
litauiska,sv,n
lettiska,sv,adj
lettiska,sv,n
italienska,sv,adj
italienska,sv,n
nederländska,sv,adj
nederländska,sv,n
tjeckiska,sv,adj
tjeckiska,sv,n
bulgariska,sv,adj
bulgariska,sv,n
irländska,sv,adj
irländska,sv,n
iriska,sv,adj
iriska,sv,n
gravitationsstrålning,sv,n
strålning,sv,n
stråla,sv,v
utländsk valuta,sv,n
utländsk,sv,adj
vätebindning,sv,n
motiv,sv,n
munk,sv,n
bajonett,sv,n
jätteliten,sv,adj
jätte,sv,n
bordsalt,sv,n
brygga,sv,n
brygga,sv,v
droppe,sv,n
eldstad,sv,n
bäcken,sv,n
sugrör,sv,n
skott,sv,n
ögonlock,sv,n
grönsak,sv,n
lönn,sv,n
moln,sv,n
ånga,sv,n
sträng,sv,adj
sträng,sv,n
ryggrad,sv,n
avgörande,sv,adj
avgörande,sv,n
förändra,sv,v
var som helst,sv,adv
makrilli,sv,n
intelligens,sv,n
fungera,sv,v
stanna,sv,v
perfekt,sv,adj
perfekt,sv,n
mena,sv,v
stränginstrument,sv,n
piprökare,sv,n
rökare,sv,n
uv,sv,n
Taylorserie,sv,n
tvättbjörn,sv,n
krigare,sv,n
tvärflöjt,sv,n
morgongrus,sv,n
svälta,sv,v
ta av daga,sv,v
flytta,sv,v
bygga,sv,v
bygge,sv,n
bryta,sv,v
Plancks konstant,sv,n
skillnad,sv,n
svartvit,sv,adj
hemlighet,sv,n
självmordsbombare,sv,n
självmord,sv,n
loppa,sv,n
mjöd,sv,n
dramatik,sv,n
glädja,sv,v
kanon,sv,n
kanon,sv,adj
kanon,sv,intj
antisemitism,sv,n
arginin,sv,n
fylla år,sv,v
liktorn,sv,n
omogen,sv,adj
känga,sv,n
bulle,sv,n
sålda,sv,adj
bakterie,sv,n
skägg,sv,n
bubbla,sv,n
Nya Guinea,sv,n
norrman,sv,n
projektor,sv,n
lapp,sv,n
kompetent,sv,adj
maning,sv,n
löja,sv,n
skina,sv,v
varsågod,sv,intj
halvera,sv,v
anemi,sv,n
jordgubbe,sv,n
marulk,sv,n
aggressiv,sv,adj
projekt,sv,n
arkeologi,sv,n
pandeiro,sv,n
ornitologi,sv,n
fack,sv,n
fråga,sv,n
fråga,sv,v
granit,sv,n
arbetsskygg,sv,adj
timvisare,sv,n
minutvisare,sv,n
sekundvisare,sv,n
pudel,sv,n
generalsekreterare,sv,n
dessutom,sv,adv
biltvätt,sv,n
käka,sv,v
tårta,sv,n
tårta,sv,v
födelsedagstårta,sv,n
fika,sv,n
fika,sv,v
latmask,sv,n
hydrobiologi,sv,n
biologi,sv,n
ekologi,sv,n
antropolog,sv,n
ekolog,sv,n
ekonom,sv,n
hydrobiolog,sv,n
kosmolog,sv,n
neurolog,sv,n
ornitolog,sv,n
psykolog,sv,n
psykologisk,sv,adj
ornitologisk,sv,adj
neurologisk,sv,adj
kosmologisk,sv,adj
hydrobiologisk,sv,adj
geologisk,sv,adj
ekonomisk,sv,adj
ekologisk,sv,adj
biologisk,sv,adj
antropologisk,sv,adj
lingvistisk,sv,adj
kemisk,sv,adj
kemist,sv,n
lingvist,sv,n
kemi,sv,n
lingvistik,sv,n
astronomisk,sv,adj
vetenskapsman,sv,n
toxikolog,sv,n
neurotoxikolog,sv,n
farmakolog,sv,n
toxikologi,sv,n
neurotoxikologi,sv,n
toxikologisk,sv,adj
neurotoxikologisk,sv,adj
farmakologisk,sv,adj
farmakologi,sv,n
matematiker,sv,n
matematisk,sv,adj
historiker,sv,n
klimatolog,sv,n
klimatologi,sv,n
klimatologisk,sv,adj
zoologisk,sv,adj
koloxid,sv,n
kolmonoxid,sv,n
kokpunkt,sv,n
trippelpunkt,sv,n
fryspunkt,sv,n
smältpunkt,sv,n
föra,sv,v
vila,sv,n
vila,sv,v
anförtror,sv,v
anförtro,sv,v
anförtro sig åt,sv,v
bädd,sv,n
ljusets,sv,n
trott,sv,v
domedagsmaskin,sv,n
isberg,sv,n
bläckfisk,sv,n
boka,sv,v
stjäla,sv,v
ljud,sv,n
tyngd,sv,adj
tyngd,sv,n
hö,sv,n
inför,sv,adv
inför,sv,v
spränga,sv,v
agronomi,sv,n
siffra,sv,n
slåss,sv,v
hissa,sv,v
slangs,sv,n
gälla,sv,v
sjukdomsframkallande,sv,adj
kemisk krigföring,sv,n
objekt,sv,n
klor,sv,n
konflikt,sv,n
smocka,sv,n
ständig,sv,adj
hypotes,sv,n
hypotetisera,sv,v
torped,sv,n
våningssäng,sv,n
våning,sv,n
kyl,sv,n
kyl,sv,v
cess,sv,n
mås,sv,n
måsvinge,sv,n
kameran,sv,n
backa,sv,v
relä,sv,n
konfiskera,sv,v
spela roll,sv,v
spela roll,sv,intj
grina,sv,v
bläck,sv,n
klänga,sv,v
mörka,sv,v
mörda,sv,v
störa,sv,v
röra,sv,n
röra,sv,v
kurslitteratur,sv,n
besättning,sv,n
bagare,sv,n
kortlek,sv,n
såpbubbla,sv,n
skörda,sv,v
hjord,sv,n
sölja,sv,n
enorm,sv,adj
köa,sv,v
spöa,sv,v
göda,sv,v
subversiv,sv,adj
serbisk,sv,adj
abelsk grupp,sv,n
abelsk,sv,adj
bön,sv,n
soppa,sv,n
slå in,sv,v
ryggmärg,sv,n
kasta pärlor för svin,sv,v
pärla,sv,n
mitokondrie,sv,n
genomsnittlig,sv,adj
fängelse,sv,n
hjärnstammen,sv,n
analfabet,sv,n
kikare,sv,n
imperativ,sv,n
infinitiv,sv,n
alkotest,sv,n
altruistisk,sv,adj
algeriska,sv,n
framfusig,sv,adj
frånvarande,sv,adj
ärlighet,sv,n
brisera,sv,v
cykla,sv,v
ytspänning,sv,n
hjärna,sv,n
förstånd,sv,n
interferera,sv,v
projektil,sv,n
elektriker,sv,n
saltsyra,sv,n
väteklorid,sv,n
sällsynta,sv,adj
lakan,sv,n
akronym,sv,n
björntjänst,sv,n
astat,sv,n
oberoende,sv,adj
oberoende,sv,n
elektron,sv,n
nyttja,sv,v
akt,sv,n
arbetslöshet,sv,n
barken,sv,n
etanol,sv,n
antisemit,sv,n
råna,sv,v
plommonstop,sv,n
donator,sv,n
kärna,sv,n
kärna,sv,v
förutnämnd,sv,adj
underskatta,sv,v
raljera,sv,v
bräss,sv,n
bronkit,sv,n
uggla,sv,n
kontring,sv,n
påsk,sv,n
bäver,sv,n
snippa,sv,n
julsång,sv,n
bokhylla,sv,n
julgran,sv,n
förslå,sv,v
föreslå,sv,v
gömma,sv,n
gömma,sv,v
förvägra,sv,v
vägra,sv,v
pröjsa,sv,v
värma,sv,v
värme,sv,n
överväga,sv,v
frimärkssamlare,sv,n
frimärke,sv,n
frimärkssamling,sv,n
samling,sv,n
samlare,sv,n
uteliggare,sv,n
sätta,sv,v
sätta fast,sv,v
sätta på,sv,v
fosfat,sv,n
futtig,sv,adj
fonon,sv,n
sätta till världen,sv,v
tandkräm,sv,n
kräm,sv,n
grädda,sv,n
grädda,sv,v
klubb,sv,n
förening,sv,n
skandal,sv,n
remi,sv,n
stollig,sv,adj
missil,sv,n
morfin,sv,n
signalement,sv,n
vanilj,sv,n
punka,sv,n
hoj,sv,n
katalysator,sv,n
trumpetstek,sv,n
semla,sv,n
radiot,sv,n
lärare,sv,n
bordsduk,sv,n
rävsax,sv,n
isbjörn,sv,n
grizzlybjörn,sv,n
schematisk,sv,adj
bekräfta,sv,v
hingst,sv,n
termometer,sv,n
övrig,sv,adj
öskar,sv,n
gurkmeja,sv,n
hota,sv,v
världsdel,sv,n
gnejs,sv,n
latinsk,sv,adj
mineralogi,sv,n
gräsmånad,sv,n
persika,sv,n
kviga,sv,n
Victoriafallen,sv,n
smörsyra,sv,n
astrolog,sv,n
känslomässig,sv,adj
alkoholism,sv,n
alkoholist,sv,n
bildskärm,sv,n
lyssna,sv,v
kattdjur,sv,n
häfte,sv,n
volym,sv,n
bokföring,sv,n
bokföra,sv,v
skriva in,sv,v
ösregna,sv,v
spöregna,sv,v
stå som spön i backen,sv,v
marsch,sv,n
fortgång,sv,n
framsteg,sv,n
framåtskridande,sv,n
utveckling,sv,n
marschera,sv,v
tåga,sv,v
gränsland,sv,n
gränsa,sv,v
framgång,sv,n
protokollföra,sv,v
väldigt lite,sv,adj
skalle,sv,n
fattning,sv,n
spets,sv,n
topp,sv,n
direktör,sv,n
föreståndare,sv,n
väldigt,sv,adv
väldig,sv,adj
bornyr,sv,n
skum,sv,adj
skum,sv,n
huvud-,sv,adj
främst,sv,adj
skalla,sv,v
styra,sv,v
döpa,sv,v
nämna,sv,v
utnämna,sv,v
vifta,sv,n
kulram,sv,n
mycket lite,sv,adj
-huvud,sv,s
fradga,sv,n
topp-,sv,adj
höst,sv,n
apelsinträd,sv,n
torde,sv,v
burk,sv,n
vattenkanna,sv,n
konservburk,sv,n
konserv,sv,n
konservera,sv,v
lägga in,sv,v
stäng igen,sv,v
knip igen,sv,v
kicka,sv,v
syra-,sv,adj
etta,sv,n
läkemedel,sv,n
medicin,sv,n
läkarvetenskap,sv,n
läkekonst,sv,n
andrahandsvara,sv,n
utskottsvara,sv,n
stödjande,sv,n
tvåan,sv,n
bifalla,sv,v
instämma,sv,v
sekundera,sv,v
sekel,sv,n
århundrade,sv,n
paraply,sv,n
paraply-,sv,n
spelpjäs,sv,n
bemanna,sv,v
existera,sv,v
vara här,sv,v
järnväg,sv,n
holländska,sv,n
holländare,sv,n
holländskor,sv,n
nederländsk,sv,adj
holländsk,sv,adj
lakonisk,sv,adj
skatt,sv,n
radioapparat,sv,n
missbruk,sv,n
missbrukning,sv,n
afghanska,sv,n
bakgrund,sv,n
jordledare,sv,n
jorda,sv,v
ge husarrest,sv,v
ställa på marken,sv,v
hitåt,sv,adv
plantera,sv,v
tråkig,sv,adj
gråna,sv,v
primtal,sv,n
fjolla,sv,n
kröna,sv,v
gå i dam,sv,v
livslängd,sv,n
livstid,sv,n
ålderdom,sv,n
tidsålder,sv,n
åratal,sv,n
åldra,sv,v
åldras,sv,v
svenskspråkig,sv,adj
tjeck,sv,n
mineralvatten,sv,n
vattna,sv,v
ge vatten,sv,v
knekt,sv,n
riddare,sv,n
fastän,sv,conj
dubba,sv,v
djurisk,sv,adj
tjeckisk,sv,adj
ära,sv,n
ära,sv,v
kackerlacka,sv,n
jänta,sv,n
tös,sv,n
betong,sv,n
järn,sv,n
atmosfär,sv,n
lufta,sv,v
syster,sv,n
sjuksköterska,sv,n
sjuksyster,sv,n
medsyster,sv,n
kyla,sv,n
kyla,sv,v
köld,sv,n
förkylning,sv,n
febrig,sv,adj
ansiktsuttryck,sv,n
ICKE,sv,n
NOT,sv,n
göra hål i,sv,v
slå hål i,sv,v
besöka,sv,v
en gång per vecka,sv,adv
en gång i veckan,sv,adv
varje vecka,sv,adv
vecko-,sv,adj
veckans,sv,n
tenn,sv,n
mygga,sv,n
hink,sv,n
komma ihåg,sv,v
minnas,sv,v
memorera,sv,v
ljuda,sv,v
uppfatta,sv,v
tolka,sv,v
tyda,sv,v
vilka,sv,p
vilken,sv,p
baskisk,sv,adj
baskiska,sv,n
stridsyxa,sv,n
arabisk,sv,adj
arabiska,sv,n
enhet,sv,n
handflata,sv,n
vetenskap,sv,n
äckel,sv,n
sötad,sv,adj
färsk,sv,adj
osaltad,sv,adj
behaglig,sv,adj
doftande,sv,adj
härlig,sv,adj
ljuvlig,sv,adj
väldoftande,sv,adj
ljuv,sv,adj
melodisk,sv,adj
välljudande,sv,adj
intagande,sv,adj
gullig,sv,adj
näpen,sv,adj
älsklig,sv,adj
älskvärd,sv,adj
hjälpsam,sv,adj
vänlig,sv,adj
omtänksam,sv,adj
ljuvligt,sv,adv
härligt,sv,adv
sött,sv,adv
underbart,sv,adv
vackert,sv,adv
karamell,sv,n
godsak,sv,n
snask,sv,n
sötsak,sv,n
ledning,sv,n
förhand,sv,n
bränna,sv,v
avfyra,sv,v
ge eld,sv,v
perfektparticip,sv,n
märke,sv,n
tillbaka,sv,adv
baksida,sv,n
bakre,sv,adj
smyga,sv,v
backa upp,sv,v
glittra,sv,v
sekreterare,sv,n
punkt,sv,n
metafor,sv,n
underpant,sv,n
leukocyt,sv,n
sömn,sv,n
ställa,sv,v
sänka,sv,v
försänka,sv,v
duka,sv,v
presentera,sv,v
stelna,sv,v
gå ned,sv,v
gå ner,sv,v
uppsättning,sv,n
kotteri,sv,n
krets,sv,n
umgängeskrets,sv,n
apparat,sv,n
färdig,sv,adj
besluten,sv,adj
bestämd,sv,adj
spikad,sv,adj
uppsatt,sv,adj
blänka,sv,v
glänsa,sv,v
reflektera,sv,v
lysa i ögonen,sv,v
polera,sv,v
putsa,sv,v
blankhet,sv,n
avvikelse,sv,n
hagel,sv,n
skrot,sv,n
hemland,sv,n
sikta in,sv,v
sikta in sig på,sv,v
plattform,sv,n
postulera,sv,v
förutsätta,sv,v
fastetid,sv,n
fäst,sv,adj
färgäkta,sv,adj
kvickt,sv,adv
djupt,sv,adv
anknytning,sv,n
länk,sv,n
hyperlänk,sv,n
länka,sv,v
fält,sv,n
gebit,sv,n
klass,sv,n
område,sv,n
en gång,sv,adv
två gånger,sv,adv
melodi,sv,n
humla,sv,n
pjäs,sv,n
gryta,sv,n
förrättning,sv,n
blåsinstrument,sv,n
islandshäst,sv,n
spika,sv,v
slaveri,sv,n
grabb,sv,n
analogi,sv,n
gå emot,sv,v
svarva,sv,v
klocka,sv,n
klocka,sv,v
armbandsur,sv,n
observera,sv,v
betrakta,sv,v
iaktta,sv,v
ta sig i akt,sv,v
klaff,sv,n
skiva,sv,n
skiva,sv,v
lövas,sv,v
spricka ut,sv,v
bläddra i,sv,v
slagman,sv,n
följd,sv,n
svit,sv,n
oändlig summa,sv,n
kuvert,sv,n
konvolut,sv,n
omslag,sv,n
hölje,sv,n
hylle,sv,n
oändlig,sv,adj
uppåt,sv,adv
isär,sv,adv
uppe,sv,adj
uppdaterad,sv,adj
klaustrofobi,sv,n
konstapel,sv,n
riktlinje,sv,n
nutida,sv,adj
dåtida,sv,adj
samtida,sv,adj
framtida,sv,adj
vektorfält,sv,n
frukost,sv,n
kostnadsfri,sv,adj
lös,sv,adj
lös,sv,v
encyklopedi,sv,n
nederbörd,sv,n
gurkburk,sv,n
jobba,sv,v
bearbeta,sv,v
falsk,sv,adj
osann,sv,adj
advokaten,sv,n
advokater,sv,n
advokaterna,sv,n
advokatens,sv,n
bolivianen,sv,n
arket,sv,n
arks,sv,n
arken,sv,n
arkens,sv,n
arkar,sv,n
arkars,sv,n
arkarna,sv,n
arkarnas,sv,n
arkets,sv,n
asiaten,sv,n
asiater,sv,n
asiaterna,sv,n
asiats,sv,n
asiatens,sv,n
asiaters,sv,n
asiaternas,sv,n
ankor,sv,n
ankorna,sv,n
ankas,sv,n
ankans,sv,n
ankors,sv,n
ankornas,sv,n
hänga ihop,sv,v
hänga med,sv,v
hålla med,sv,v
dela med sig,sv,v
bluffare,sv,n
tallkottkörteln,sv,n
syndabock,sv,n
sarkofag,sv,n
hålla i,sv,v
gränsa till,sv,v
kryptonit,sv,n
mul- och klövsjuka,sv,n
skrika,sv,v
paradis,sv,n
diskho,sv,n
bröd,sv,n
karmosinröd,sv,adj
azer,sv,n
vektor,sv,n
damm,sv,n
dammsugare,sv,n
testosteron,sv,n
aktiebolag,sv,n
befria,sv,v
konversationslexikon,sv,n
greve,sv,n
formel,sv,n
dansös,sv,n
byst,sv,n
behå,sv,n
stege,sv,n
vattenfall,sv,n
bakväg,sv,n
hängmatta,sv,n
asgarva,sv,intj
tillgivenhet,sv,n
skallig,sv,adj
ansikte,sv,n
kryssprodukt,sv,n
enhetsvektor,sv,n
vektorrum,sv,n
topolog,sv,n
enkelt sammanhängande,sv,adj
mångfald,sv,n
morfism,sv,n
gena,sv,v
genväg,sv,n
likström,sv,n
nysa,sv,v
spär,sv,v
räd,sv,n
knipa igen,sv,v
orolig,sv,adj
ekumenisk,sv,adj
ekumenik,sv,n
koppling,sv,n
faktum,sv,n
fettsyra,sv,n
näs,sv,n
souterränghus,sv,n
genomsnitt,sv,n
modul,sv,n
förgifta,sv,v
dödsdom,sv,n
halogenalkan,sv,n
pakt,sv,n
ås,sv,n
nagellackborttagningsmedel,sv,n
pärm,sv,n
oskuld,sv,n
kristen,sv,adj
rättmätig,sv,adj
därför,sv,adv
acceptabel,sv,adj
kråka,sv,n
timme,sv,n
förkortning,sv,n
engelsman,sv,n
stjärna,sv,n
skånk,sv,n
haklapp,sv,n
blyertspenna,sv,n
blyerts,sv,n
öppen,sv,adj
öppna,sv,v
vägg,sv,n
skicklighet,sv,n
missbruka,sv,v
akademiker,sv,n
framför,sv,adv
vinst,sv,n
kartong,sv,n
musikal,sv,n
ostbåge,sv,n
rebell,sv,n
körsbär,sv,n
omständighet,sv,n
balkong,sv,n
läktare,sv,n
galleri,sv,n
tandborste,sv,n
borste,sv,n
turkisk,sv,adj
parallell,sv,adj
framtid,sv,n
olycka,sv,n
öster,sv,n
öster,sv,adv
ostlig,sv,adj
östlig,sv,adj
österut,sv,adv
väst,sv,n
väster,sv,n
väster,sv,adv
västerut,sv,adj
västlig,sv,adj
grov,sv,adj
riktig,sv,adj
rätvinklig,sv,adj
syskon,sv,n
gruva,sv,n
gruva,sv,v
plommon,sv,n
plommonträd,sv,n
motorsåg,sv,n
toalettstol,sv,n
rabatt,sv,n
gå och lägga sig,sv,v
röst,sv,n
stämma,sv,n
stämma,sv,v
titta,sv,v
se ut,sv,v
utseende,sv,n
-it,sv,s
rumänsk,sv,adj
rumän,sv,n
republik,sv,n
tillfälle,sv,n
själv,sv,adv
själv,sv,n
samtidigt,sv,adv
korg,sv,n
tillstånd,sv,n
erytrocyt,sv,n
uppdrag,sv,n
skottsäker,sv,adj
postkod,sv,n
ögonläkare,sv,n
skaka,sv,v
strejk,sv,n
blöt,sv,adj
blöta,sv,v
låda,sv,n
dörr,sv,n
dagg,sv,n
fiol,sv,n
fjärilsim,sv,n
tallrik,sv,n
mörker,sv,n
koksalt,sv,n
krydda,sv,v
spela upp,sv,v
fullständig,sv,adj
mätt,sv,adj
mätt,sv,v
jude,sv,n
rösta,sv,v
stopp,sv,n
klusil,sv,n
sluta,sv,v
stoppa,sv,v
skruvmejsel,sv,n
skruvdragare,sv,n
kalv,sv,n
hammare,sv,n
voljär,sv,n
församling,sv,n
nationalsång,sv,n
bordell,sv,n
trevlig,sv,adj
nallen,sv,n
monoteism,sv,n
trollkarl,sv,n
paradigmskifte,sv,n
skifte,sv,n
skift,sv,n
isländska,sv,n
isländska,sv,adj
isländsk,sv,adj
docka,sv,n
docka,sv,v
stänga,sv,v
avsluta,sv,v
intendent,sv,n
ta examen,sv,v
ta hand om,sv,v
ta på bar gärning,sv,v
subjekt,sv,n
tvåa,sv,n
korallrev,sv,n
topologi,sv,n
krympa,sv,v
tänd,sv,adj
tänd,sv,v
tända,sv,v
knäpp,sv,adj
knäpp,sv,v
knäppa,sv,v
knäppa igen,sv,v
knappa in,sv,v
försöka,sv,v
judinna,sv,n
vass,sv,adj
definitivt,sv,adv
sej,sv,p
sej,sv,n
mej,sv,p
gasbinda,sv,n
korall,sv,n
arkeolog,sv,n
frågetecken,sv,n
fotografera,sv,v
knacka,sv,v
näsborre,sv,n
kroatisk,sv,adj
kroatiska,sv,adj
kroatiska,sv,n
läpp,sv,n
flagga,sv,n
erbjuda,sv,v
tjuv,sv,n
etikett,sv,n
fortfarande,sv,adv
ännu,sv,adv
värde,sv,n
statistik,sv,n
tråd,sv,n
handboll,sv,n
fotboll,sv,n
padda,sv,n
sfinx,sv,n
jordglob,sv,n
höja,sv,v
verklig,sv,adj
fläck,sv,n
peppar,sv,n
allaredan,sv,adv
offentlig,sv,adj
ammoniak,sv,n
tonåring,sv,n
örngott,sv,n
cittra,sv,n
morot,sv,n
ljusstake,sv,n
rörelse,sv,n
trädgårdssax,sv,n
spontan,sv,adj
sekatör,sv,n
ambassadör,sv,n
trutar,sv,n
trutarna,sv,n
truts,sv,n
värdelös,sv,adj
trutens,sv,n
värdefull,sv,adj
trutars,sv,n
trutarnas,sv,n
Ställe,sv,n
beräkna,sv,v
bestämma,sv,v
förhoppningsvis,sv,adv
överanstränga,sv,v
urinera,sv,v
rövhål,sv,n
skrivmaskin,sv,n
reellt tal,sv,n
legera,sv,v
indoktrinera,sv,v
obstetrik,sv,n
tändsticka,sv,n
programmera,sv,v
tålmodig,sv,adj
brännvin,sv,n
julklapp,sv,n
över-,sv,p
tycka om,sv,v
typ,sv,n
typ,sv,adv
uttala,sv,v
föreställa,sv,v
verkstad,sv,n
politiker,sv,n
egenvärde,sv,n
förfölja,sv,v
slampa,sv,n
vattentät,sv,adj
ficka,sv,n
e-post,sv,n
mejl,sv,n
tvål,sv,n
vattenmelon,sv,n
ögonbryn,sv,n
gurkskiva,sv,n
lugn som en filbunke,sv,adj
liknelse,sv,n
av och an,sv,adv
sköld,sv,n
avrätta,sv,v
konstatera,sv,v
gräsklippare,sv,n
konstaterande,sv,n
jordnötssmör,sv,n
hacka,sv,n
hacka,sv,v
ha en gås oplockad,sv,v
hälsa,sv,n
hälsa,sv,v
sammansättning,sv,n
mänsklig,sv,adj
höjd,sv,n
höjd,sv,adj
dikt,sv,n
algoritm,sv,n
embryologi,sv,n
bekymmer,sv,n
kust,sv,n
övning,sv,n
träna,sv,v
ädelgas,sv,n
krama,sv,v
professionell,sv,adj
läppstift,sv,n
snödroppe,sv,n
intressant,sv,adj
lättnad,sv,n
spetälska,sv,n
bojkotta,sv,v
myrsyra,sv,n
metansyra,sv,n
företagare,sv,n
rulltrappa,sv,n
änka,sv,n
samvete,sv,n
subtrahera,sv,v
finländska,sv,n
altan,sv,n
undergrupp,sv,n
delgrupp,sv,n
sunt förnuft,sv,n
glömma,sv,v
svamp,sv,n
sopp,sv,n
cellulosa,sv,n
arab,sv,n
vred,sv,n
vred,sv,adj
Beauforts skala,sv,n
blåklint,sv,n
hungrig,sv,adj
kuling,sv,n
gitarr,sv,n
nyligen,sv,adj
nyligen,sv,adv
vittna,sv,v
etnisk rensning,sv,n
nödvändighet,sv,n
äng,sv,n
mellangård,sv,n
käck,sv,adj
fallenhet,sv,n
exempelvis,sv,adv
köttbulle,sv,n
skotta,sv,v
identitetsmatris,sv,n
enhetsmatris,sv,n
transponat,sv,n
stokastisk matris,sv,n
karakteristiskt polynom,sv,n
diagonalmatris,sv,n
egenvektor,sv,n
egenrum,sv,n
invers matris,sv,n
huvuddiagonal,sv,n
linjärkombination,sv,n
linjär transformation,sv,n
lineär transformation,sv,n
linjär avbildning,sv,n
lineär avbildning,sv,n
surströmming,sv,n
sojamjölk,sv,n
linjärt oberoende,sv,adj
linjärt beroende,sv,adj
lineärt beroende,sv,adj
lineärt oberoende,sv,adj
överbestämd,sv,adj
radekvivalens,sv,n
radekvivalent,sv,adj
skevsymmetrisk,sv,adj
antisymmetrisk,sv,adj
symmetrisk,sv,adj
asymmetrisk,sv,adj
alltså,sv,adv
engelsk säckknop,sv,n
ölmage,sv,n
mjuk vokal,sv,n
hård vokal,sv,n
vokal,sv,n
norr,sv,n
norr,sv,adv
syd,sv,n
öda,sv,v
motsägelse,sv,n
jordbruk,sv,n
våglängd,sv,n
banderoll,sv,n
serpentin,sv,n
cynisk,sv,adj
korsord,sv,n
skridsko,sv,n
rullskridsko,sv,n
hindra,sv,v
daggkåpa,sv,n
kåpa,sv,n
glödlampa,sv,n
bordslampa,sv,n
späckhuggare,sv,n
groda,sv,n
punsch,sv,n
proffs,sv,n
örlogs-,sv,p
tidning,sv,n
äggröra,sv,n
urmakare,sv,n
istället,sv,adv
i stället,sv,adv
öm,sv,adj
varannan,sv,num
turist,sv,n
svaghet,sv,n
svag,sv,adj
relevans,sv,n
lexem,sv,n
gärna,sv,adv
abortera,sv,v
kvalitet,sv,n
ouppräknelig,sv,adj
frekvens,sv,n
absorbera,sv,v
säkerhet,sv,n
brasilianare,sv,n
brasilianska,sv,n
lastbil,sv,n
köra med,sv,v
köra,sv,v
labb,sv,n
labb,sv,n
stavfel,sv,n
missfall,sv,n
armera,sv,v
armbrytning,sv,n
kemikalie,sv,n
pornografi,sv,n
snitt,sv,n
försök,sv,n
betyda,sv,v
måste,sv,n
måste,sv,v
brott,sv,n
brottslighet,sv,n
vissla,sv,v
demokrati,sv,n
åsna,sv,n
fästing,sv,n
blodplasma,sv,n
rädsla,sv,n
energi,sv,n
domän,sv,n
gudarna,sv,n
definitionsmängd,sv,n
däremot,sv,adv
askkopp,sv,n
räka,sv,n
hångla,sv,v
skyltfönster,sv,n
axelvadd,sv,n
amylas,sv,n
aktie,sv,n
ackord,sv,n
azeriska,sv,n
azerbajdzjanska,sv,n
ordklass,sv,n
levande,sv,adj
bruksanvisning,sv,n
fager,sv,adj
rättvis,sv,adj
aprikos,sv,n
filtrera,sv,v
typsnitt,sv,n
fläsk,sv,n
sädesärla,sv,n
vante,sv,n
våldsam,sv,adj
stativ,sv,n
avtal,sv,n
usch,sv,intj
butik,sv,n
väga,sv,v
alster,sv,n
massaker,sv,n
förgätmigej,sv,n
omnipotens,sv,n
annorlunda,sv,adj
annorlunda,sv,adv
ikväll,sv,adv
i kväll,sv,adv
kväll,sv,n
ägare,sv,n
angenäm,sv,adj
förklara,sv,v
alken,sv,n
keton,sv,n
dekoration,sv,n
diskrepans,sv,n
fraktion,sv,n
parasit,sv,n
lekplats,sv,n
färja,sv,n
knappast,sv,adv
likformig,sv,adj
spott,sv,n
personlighet,sv,n
kolhydrat,sv,n
kåda,sv,n
fördom,sv,n
fosforsyra,sv,n
nordpol,sv,n
kämpa,sv,v
känner,sv,v
kämpar,sv,n
kämpar,sv,v
känns,sv,v
mött,sv,v
emfatisk,sv,adj
allians,sv,n
anordning,sv,n
barbacka,sv,adv
armborst,sv,n
almanacka,sv,n
almenacka,sv,n
epentes,sv,n
reaktion,sv,n
rosmarin,sv,n
etnisk,sv,adj
bråk,sv,n
bråkstake,sv,n
blixtnedslag,sv,n
arter,sv,n
brandvarnare,sv,n
politisk,sv,adj
programmerare,sv,n
naturligt tal,sv,n
rationellt tal,sv,n
bråktal,sv,n
komplext tal,sv,n
hyperkomplext tal,sv,n
superreellt tal,sv,n
grattis,sv,intj
bredare,sv,adj
önska,sv,v
lins,sv,n
abstrahera,sv,v
åska,sv,n
fasan,sv,n
fasan,sv,n
gingo,sv,v
skrevo,sv,v
kommo,sv,v
dromedar,sv,n
längta,sv,v
slö,sv,adj
belgare,sv,n
belgisk,sv,adj
rådjur,sv,n
kontrollera,sv,v
oundviklig,sv,adj
hopp,sv,n
hoppas,sv,v
flygplats,sv,n
anspråk,sv,n
nykter,sv,adj
tortera,sv,n
transponerad matris,sv,n
kompakt,sv,adj
-dd,sv,s
-ande,sv,s
-ende,sv,s
skönhet,sv,n
karriär,sv,n
blinka,sv,v
jonglör,sv,n
gemensam,sv,adj
trumma,sv,n
trumma,sv,v
länge,sv,adv
gaffel,sv,n
blåmes,sv,n
bumerang,sv,n
flygplan,sv,n
nyckelpiga,sv,n
sörja,sv,v
somna,sv,v
tillhöra,sv,v
mätning,sv,n
förhållande,sv,n
krycka,sv,n
mössa,sv,n
bakslag,sv,n
rädisa,sv,n
bräda,sv,n
huvudstad,sv,n
stor bokstav,sv,n
kapitäl,sv,n
trafik,sv,n
förut,sv,adv
anteckning,sv,n
redigera,sv,v
behaga,sv,v
skarvsladd,sv,n
flunsa,sv,n
elektricitet,sv,n
andrake,sv,n
larv,sv,n
begravning,sv,n
brottsregister,sv,n
kombination,sv,n
bisonoxe,sv,n
skulptör,sv,n
sovsäck,sv,n
avsevärd,sv,adj
överraska,sv,v
nivå,sv,n
hjälm,sv,n
spelare,sv,n
törst,sv,n
snickare,sv,n
fortsätta,sv,v
reparera,sv,v
parabel,sv,n
meddela,sv,v
motstånd,sv,n
funktionell grupp,sv,n
allvetande,sv,adj
oviktig,sv,adj
uppskatta,sv,v
brylling,sv,n
cykelhjälm,sv,n
förstadium,sv,n
förstadie,sv,n
basfiol,sv,n
arseniktrioxid,sv,n
arsenik,sv,n
oxid,sv,n
backhoppning,sv,n
badmössa,sv,n
bindestreck,sv,n
bitsocker,sv,n
bristfällig,sv,adj
bylte,sv,n
bollplank,sv,n
britt,sv,n
badkar,sv,n
badrum,sv,n
barberare,sv,n
behov,sv,n
beslut,sv,n
biljett,sv,n
bläckpenna,sv,n
betydelse,sv,n
björnbär,sv,n
bågfil,sv,n
bolag,sv,n
brist,sv,n
mopp,sv,n
basketkorg,sv,n
benägenhet,sv,n
chans,sv,n
citat,sv,n
cyklon,sv,n
skivling,sv,n
vett,sv,n
hörde,sv,v
förgäves,sv,adv
nöjet,sv,n
funnit,sv,v
upprepa,sv,v
repa upp,sv,v
tillfällen,sv,n
tillfällig,sv,adj
laka,sv,v
slicka,sv,v
lacka ur,sv,v
backa ur,sv,v
chokladbit,sv,n
cyanid,sv,n
cykelställ,sv,n
centripetalkraft,sv,n
citronfjäril,sv,n
citationstecken,sv,n
chabasit,sv,n
ciceron,sv,n
cirkumfix,sv,n
cirkus,sv,n
cirkusdirektör,sv,n
chansning,sv,n
celldelning,sv,n
cellskräck,sv,n
countrymusik,sv,n
cyniker,sv,n
cynism,sv,n
cyanväte,sv,n
cyanvätesyra,sv,n
charkuteri,sv,n
chokladsås,sv,n
citrongul,sv,adj
citrongul,sv,n
cilie,sv,n
cordierit,sv,n
cylinderhatt,sv,n
cyklobutan,sv,n
cyklo-,sv,p
cyklop,sv,n
cellmembran,sv,n
cellvägg,sv,n
cosinus,sv,n
chiffer,sv,n
chilenare,sv,n
chilenska,sv,n
chiffonjé,sv,n
citrat,sv,n
ogräs,sv,n
sonatform,sv,n
civilperson,sv,n
civilist,sv,n
cricketboll,sv,n
cricketlag,sv,n
cricketmatch,sv,n
cricketplan,sv,n
colombianska,sv,n
chilipeppar,sv,n
cerebrospinalvätska,sv,n
hipp hipp hurra,sv,intj
cirkulationsplats,sv,n
cystein,sv,n
alanin,sv,n
asparagin,sv,n
asparaginsyra,sv,n
fenylalanin,sv,n
glutamin,sv,n
histidin,sv,n
isoleucin,sv,n
leucin,sv,n
metionin,sv,n
prolin,sv,n
treonin,sv,n
tryptofan,sv,n
tyrosin,sv,n
valin,sv,n
glutaminsyra,sv,n
cytosin,sv,n
ceremoni,sv,n
citrin,sv,n
citronmeliss,sv,n
clownfisk,sv,n
clowneri,sv,n
cockerspaniel,sv,n
nattskärra,sv,n
antilop,sv,n
camembert,sv,n
cerat,sv,n
certifikat,sv,n
chefredaktör,sv,n
chipspåse,sv,n
champinjon,sv,n
chasidism,sv,n
charmör,sv,n
cypriot,sv,n
cypriotiska,sv,n
cysta,sv,n
cykloalkan,sv,n
risgrynsgröt,sv,n
besegra,sv,v
därpå,sv,adv
både,sv,conj
liten bokstav,sv,n
gemen,sv,n
gemen,sv,n
gemen,sv,adj
versal,sv,n
cyklopropan,sv,n
cyklohexan,sv,n
cyklopentan,sv,n
cyklooktan,sv,n
cykloheptan,sv,n
kafeteria,sv,n
ciklid,sv,n
citrongräs,sv,n
handla,sv,v
costaricanska,sv,n
citrusfrukt,sv,n
citadell,sv,n
cirros,sv,n
cirkumflex,sv,n
utöka,sv,v
räcka,sv,n
räcka,sv,v
törstig,sv,adj
gånga,sv,v
endast,sv,adv
höra via djungeltrumman,sv,v
slå på djungeltrumman,sv,v
resultat,sv,n
sovrum,sv,n
armhåla,sv,n
cashewnöt,sv,n
camemberterna,sv,n
sticka,sv,n
sticka,sv,v
nästa,sv,adj
nästa,sv,n
premiärminister,sv,n
få slut på,sv,v
pornografisk,sv,adj
tatuering,sv,n
solfjäder,sv,n
pöl,sv,n
retsticka,sv,n
hjortron,sv,n
pandeistens,sv,n
deistens,sv,n
fågelskådare,sv,n
skåda,sv,v
åskådare,sv,n
kursiv,sv,adj
flytande,sv,adj
flytande,sv,adv
centralafrikan,sv,n
centrifugalkraft,sv,n
cembalist,sv,n
centrifug,sv,n
behålla,sv,v
avhålla,sv,v
belåten,sv,adj
besudla,sv,v
naturvetare,sv,n
naturvetenskap,sv,n
sakfel,sv,n
skam,sv,n
skamsen,sv,adj
spanjorska,sv,n
städa,sv,v
mjälte,sv,n
svara mot,sv,v
vridmoment,sv,n
hörlur,sv,n
söta,sv,v
sockra,sv,v
hörnet,sv,n
gruppteori,sv,n
centralism,sv,n
ciss,sv,n
cigarr,sv,n
cigarett,sv,n
cigarill,sv,n
cigg,sv,n
cytostatika,sv,n
cystoskopi,sv,n
skicka,sv,v
sända,sv,v
uttal,sv,n
brasiliansk,sv,adj
gyllene,sv,adj
skratt,sv,n
kymriska,sv,n
kvadratisk,sv,adj
kvadrera,sv,v
celibat,sv,n
cellulas,sv,n
chaufför,sv,n
cumulusmoln,sv,n
cocktailparty,sv,n
cirrusmoln,sv,n
cyklotron,sv,n
dialektal,sv,adj
cirkelargument,sv,n
ducka,sv,v
kedja,sv,n
senap,sv,n
avstånd,sv,n
miljö,sv,n
gå sönder,sv,v
fajt,sv,n
ämne,sv,n
räknebar,sv,adj
ekorre,sv,n
cyanamid,sv,n
curlingförälder,sv,n
cybernetik,sv,n
cyklamen,sv,n
kock,sv,n
curlare,sv,n
chimär,sv,n
cholsyra,sv,n
clementin,sv,n
coverband,sv,n
igelkott,sv,n
rymd,sv,n
abstinens,sv,n
kaffebuske,sv,n
könsroll,sv,n
rör,sv,n
lycklig,sv,adj
njure,sv,n
cesiumklorid,sv,n
klorid,sv,n
cesur,sv,n
cellulosanitrat,sv,n
cementblandare,sv,n
celebritet,sv,n
cedilj,sv,n
assiett,sv,n
papper,sv,n
allergi,sv,n
hjälp,sv,n
söka,sv,v
leta,sv,v
sökning,sv,n
dämpa,sv,v
ordning,sv,n
telefonsamtal,sv,n
subtraktion,sv,n
prövning,sv,n
mäktig,sv,adj
naturlig,sv,adj
slott,sv,n
annamit,sv,n
ankomst,sv,n
ansats,sv,n
aptit,sv,n
råka,sv,n
armeniska,sv,n
andning,sv,n
autokrati,sv,n
annons,sv,n
aning,sv,n
avfall,sv,n
aktivism,sv,n
aktris,sv,n
divis,sv,n
begåvning,sv,n
dokumentförstörare,sv,n
dogmatik,sv,n
dogmatiker,sv,n
dogm,sv,n
dödskalle,sv,n
djurpark,sv,n
dubbelgångare,sv,n
diktatur,sv,n
dopp,sv,n
dykare,sv,n
dynga,sv,n
diskmedel,sv,n
dubbelhaka,sv,n
brunn,sv,n
verktyg,sv,n
bröstpump,sv,n
gubbe,sv,n
underlig,sv,adj
tvätta,sv,v
diskotek,sv,n
dusch,sv,n
draperi,sv,n
duschdraperi,sv,n
doft,sv,n
julafton,sv,n
skada,sv,n
lettisk,sv,adj
dubbelmacka,sv,n
dryck,sv,n
israelisk,sv,adj
mongoliska,sv,n
hamburgare,sv,n
gitarrist,sv,n
djungel,sv,n
dårhus,sv,n
sallad,sv,n
dalmatiner,sv,n
druva,sv,n
stål,sv,n
spöke,sv,n
ruter,sv,n
botanik,sv,n
duett,sv,n
steka,sv,v
dieselmotor,sv,n
purjolök,sv,n
delikatess,sv,n
deltagare,sv,n
dominiker,sv,n
dominikan,sv,n
dominikanska,sv,n
dominikiska,sv,n
djärvhet,sv,n
dopfunt,sv,n
lugna,sv,v
konkurrent,sv,n
koppel,sv,n
explodera,sv,v
tandläkare,sv,n
fiske,sv,n
tillåtelse,sv,n
överlämna,sv,v
duggregn,sv,n
etylalkohol,sv,n
dopplereffekt,sv,n
bekännelse,sv,n
domedag,sv,n
idiotsäker,sv,adj
dricksvatten,sv,n
dricks,sv,n
deklination,sv,n
departement,sv,n
derivat,sv,n
depå,sv,n
diarré,sv,n
doktrin,sv,n
djävul,sv,n
djävel,sv,n
jävel,sv,n
demens,sv,n
stumfilm,sv,n
atombomb,sv,n
diktafon,sv,n
trumslagare,sv,n
durkslag,sv,n
duntäcke,sv,n
dregel,sv,n
dressyr,sv,n
etnograf,sv,n
denaturering,sv,n
denatureringsmedel,sv,n
dinosaurie,sv,n
daoism,sv,n
djursjukhus,sv,n
förstår,sv,v
skall,sv,n
tjuvlyssna,sv,v
mö,sv,n
ge järnet,sv,v
ge tillbaka,sv,v
ge sig tillkänna,sv,v
knattar,sv,n
domherre,sv,n
dvärgpudel,sv,n
dockhus,sv,n
dropp,sv,n
dollartecken,sv,n
dispyt,sv,n
diskmaskin,sv,n
polyteism,sv,n
tuggummi,sv,n
protestera,sv,v
begränsa,sv,v
förakta,sv,v
odjur,sv,n
viskös,sv,adj
knut,sv,n
knyta,sv,v
ryta,sv,v
röv,sv,n
dvala,sv,n
däxel,sv,n
drönare,sv,n
däck,sv,n
domkraft,sv,n
epistel,sv,n
ekollon,sv,n
ejakulation,sv,n
existens,sv,n
eko,sv,n
överkast,sv,n
vårdcentral,sv,n
rädda,sv,v
tyngdkraft,sv,n
uppföra,sv,v
byggnad,sv,n
glida,sv,v
respekt,sv,n
onomatopoesi,sv,n
laotier,sv,n
laotiska,sv,n
laotisk,sv,adj
promenad,sv,n
skämta,sv,v
erhålla,sv,v
kategori,sv,n
erkänna,sv,v
resistans,sv,n
begåvad,sv,adj
mardröm,sv,n
klarinett,sv,n
innehållsförteckning,sv,n
fördubbling,sv,n
uppsägningstid,sv,n
runka,sv,v
utslag,sv,n
omöjlig,sv,adj
möjlig,sv,adj
alkoholisms,sv,n
alkoholismen,sv,n
poäng,sv,n
madrass,sv,n
restaurang,sv,n
sexhörning,sv,n
mysig,sv,adj
ficklampa,sv,n
äventyr,sv,n
jättestor,sv,adj
minutiös,sv,adj
episod,sv,n
långfredag,sv,n
skita,sv,v
ögonfrans,sv,n
stans,sv,n
palats,sv,n
neodym,sv,n
byrå,sv,n
byrå,sv,n
slangen,sv,n
slangens,sv,n
slangar,sv,n
slangars,sv,n
slangarna,sv,n
slangarnas,sv,n
ingefära,sv,n
till salu,sv,adv
syr,sv,v
justera,sv,v
slå gul och blå,sv,v
slå upp,sv,v
bibba,sv,n
slå vad,sv,v
slå ihjäl tid,sv,v
slå om,sv,v
kosta skjortan,sv,v
slå sig för bröstet,sv,v
läcka,sv,n
läcka,sv,v
släcka,sv,v
kläcka,sv,v
snäcka,sv,n
täcka,sv,v
tacka,sv,n
tacka,sv,v
oersättlig,sv,adj
automatisk,sv,adj
motorcyklist,sv,n
fat,sv,n
fat,sv,n
cyklist,sv,n
vara ute och cykla,sv,v
kommun,sv,n
kommatecken,sv,n
anlöpa,sv,v
sats,sv,n
påstående,sv,n
påstå,sv,v
uppge,sv,v
problematisk,sv,adj
hårdna,sv,v
styv,sv,adj
skickad,sv,adj
sändning,sv,n
leverans,sv,n
leverera,sv,v
prestera,sv,v
prestation,sv,n
verkan,sv,n
synas,sv,v
syna,sv,v
ekoturism,sv,n
tillgänglig,sv,adj
handfull,sv,n
försvinna,sv,v
mörk,sv,adj
epok,sv,n
bordssalt,sv,n
böja,sv,v
bocka,sv,v
bergart,sv,n
förort,sv,n
tronarvinge,sv,n
överdriva,sv,v
känna som sin egen ficka,sv,v
skida,sv,n
skida,sv,v
extremitet,sv,n
övriga,sv,adj
räcker,sv,v
flesta,sv,adj
kräver,sv,v
pitt,sv,n
tjänster,sv,n
varandra,sv,p
riktigt,sv,adj
övrigt,sv,adj
stället,sv,n
skönt,sv,n
regler,sv,n
kompisar,sv,n
branschen,sv,n
undrar,sv,v
rullstol,sv,n
högerhänt,sv,adj
vänsterhänt,sv,adj
fäkta,sv,v
verkligen,sv,adv
verklighet,sv,n
fraser,sv,n
hal som en ål,sv,adj
u-båt,sv,n
ursäkt,sv,n
ursäkta,sv,intj
ursäkta,sv,v
be om ursäkt,sv,v
valp,sv,n
valresultat,sv,n
uppmärksamhet,sv,n
upptäckt,sv,n
upptäcka,sv,v
ekolod,sv,n
effekt,sv,n
byta,sv,v
halsa,sv,v
antalet,sv,n
indier,sv,n
pennvässare,sv,n
vässa,sv,v
skärpa,sv,n
skärpa,sv,v
vänta,sv,v
fungerar,sv,v
drygt,sv,adj
hänt,sv,v
jämför,sv,v
kanal,sv,n
grunka,sv,n
handlar,sv,v
lösningar,sv,n
burar,sv,n
lokförare,sv,n
galge,sv,n
kolsyra,sv,n
syns,sv,v
utgör,sv,v
bekanta,sv,adj
själva,sv,adj
panter,sv,n
panters,sv,n
fasters,sv,n
räknesticka,sv,n
rubrik,sv,n
tyristor,sv,n
galax,sv,n
samtliga,sv,p
fabrik,sv,n
undervisa,sv,v
pekfinger,sv,n
långfinger,sv,n
ringfinger,sv,n
fjällvråk,sv,n
lillfinger,sv,n
skov,sv,n
smålänning,sv,n
sjättedel,sv,n
galghumor,sv,n
tratt,sv,n
säd,sv,n
består,sv,v
kunskaper,sv,n
roligt,sv,adj
grova,sv,adj
frågor,sv,n
röd dag,sv,n
kallas,sv,v
dungen,sv,n
dunge,sv,n
färskvatten,sv,n
sötvatten,sv,n
gatumusikant,sv,n
omkrets,sv,n
vandra,sv,v
skador,sv,n
söker,sv,v
anticyklon,sv,n
